,subject,age_group,run,path
0,222,6-9yo,1,/scratch/09123/ofriend/moshi/pca_sl/results/moshiGO_222/moshiGO_222_run-1_pca12_varExpl_MNI.nii.gz
1,222,6-9yo,2,/scratch/09123/ofriend/moshi/pca_sl/results/moshiGO_222/moshiGO_222_run-2_pca12_varExpl_MNI.nii.gz
2,222,6-9yo,3,/scratch/09123/ofriend/moshi/pca_sl/results/moshiGO_222/moshiGO_222_run-3_pca12_varExpl_MNI.nii.gz
3,211,6-9yo,1,/scratch/09123/ofriend/moshi/pca_sl/results/moshiGO_211/moshiGO_211_run-1_pca12_varExpl_MNI.nii.gz
4,211,6-9yo,2,/scratch/09123/ofriend/moshi/pca_sl/results/moshiGO_211/moshiGO_211_run-2_pca12_varExpl_MNI.nii.gz
5,211,6-9yo,3,/scratch/09123/ofriend/moshi/pca_sl/results/moshiGO_211/moshiGO_211_run-3_pca12_varExpl_MNI.nii.gz
6,351,6-9yo,1,/scratch/09123/ofriend/moshi/pca_sl/results/moshiGO_351/moshiGO_351_run-1_pca12_varExpl_MNI.nii.gz
7,351,6-9yo,2,/scratch/09123/ofriend/moshi/pca_sl/results/moshiGO_351/moshiGO_351_run-2_pca12_varExpl_MNI.nii.gz
8,351,6-9yo,3,/scratch/09123/ofriend/moshi/pca_sl/results/moshiGO_351/moshiGO_351_run-3_pca12_varExpl_MNI.nii.gz
9,298,6-9yo,1,/scratch/09123/ofriend/moshi/pca_sl/results/moshiGO_298/moshiGO_298_run-1_pca12_varExpl_MNI.nii.gz
10,298,6-9yo,2,/scratch/09123/ofriend/moshi/pca_sl/results/moshiGO_298/moshiGO_298_run-2_pca12_varExpl_MNI.nii.gz
11,298,6-9yo,3,/scratch/09123/ofriend/moshi/pca_sl/results/moshiGO_298/moshiGO_298_run-3_pca12_varExpl_MNI.nii.gz
12,226,6-9yo,1,/scratch/09123/ofriend/moshi/pca_sl/results/moshiGO_226/moshiGO_226_run-1_pca12_varExpl_MNI.nii.gz
13,226,6-9yo,2,/scratch/09123/ofriend/moshi/pca_sl/results/moshiGO_226/moshiGO_226_run-2_pca12_varExpl_MNI.nii.gz
14,226,6-9yo,3,/scratch/09123/ofriend/moshi/pca_sl/results/moshiGO_226/moshiGO_226_run-3_pca12_varExpl_MNI.nii.gz
15,323,6-9yo,1,/scratch/09123/ofriend/moshi/pca_sl/results/moshiGO_323/moshiGO_323_run-1_pca12_varExpl_MNI.nii.gz
16,323,6-9yo,2,/scratch/09123/ofriend/moshi/pca_sl/results/moshiGO_323/moshiGO_323_run-2_pca12_varExpl_MNI.nii.gz
17,323,6-9yo,3,/scratch/09123/ofriend/moshi/pca_sl/results/moshiGO_323/moshiGO_323_run-3_pca12_varExpl_MNI.nii.gz
18,341,6-9yo,1,/scratch/09123/ofriend/moshi/pca_sl/results/moshiGO_341/moshiGO_341_run-1_pca12_varExpl_MNI.nii.gz
19,341,6-9yo,2,/scratch/09123/ofriend/moshi/pca_sl/results/moshiGO_341/moshiGO_341_run-2_pca12_varExpl_MNI.nii.gz
20,341,6-9yo,3,/scratch/09123/ofriend/moshi/pca_sl/results/moshiGO_341/moshiGO_341_run-3_pca12_varExpl_MNI.nii.gz
21,229,6-9yo,1,/scratch/09123/ofriend/moshi/pca_sl/results/moshiGO_229/moshiGO_229_run-1_pca12_varExpl_MNI.nii.gz
22,229,6-9yo,2,/scratch/09123/ofriend/moshi/pca_sl/results/moshiGO_229/moshiGO_229_run-2_pca12_varExpl_MNI.nii.gz
23,229,6-9yo,3,/scratch/09123/ofriend/moshi/pca_sl/results/moshiGO_229/moshiGO_229_run-3_pca12_varExpl_MNI.nii.gz
24,279,6-9yo,1,/scratch/09123/ofriend/moshi/pca_sl/results/moshiGO_279/moshiGO_279_run-1_pca12_varExpl_MNI.nii.gz
25,279,6-9yo,2,/scratch/09123/ofriend/moshi/pca_sl/results/moshiGO_279/moshiGO_279_run-2_pca12_varExpl_MNI.nii.gz
26,279,6-9yo,3,/scratch/09123/ofriend/moshi/pca_sl/results/moshiGO_279/moshiGO_279_run-3_pca12_varExpl_MNI.nii.gz
27,282,6-9yo,1,/scratch/09123/ofriend/moshi/pca_sl/results/moshiGO_282/moshiGO_282_run-1_pca12_varExpl_MNI.nii.gz
28,282,6-9yo,2,/scratch/09123/ofriend/moshi/pca_sl/results/moshiGO_282/moshiGO_282_run-2_pca12_varExpl_MNI.nii.gz
29,282,6-9yo,3,/scratch/09123/ofriend/moshi/pca_sl/results/moshiGO_282/moshiGO_282_run-3_pca12_varExpl_MNI.nii.gz
30,350,6-9yo,1,/scratch/09123/ofriend/moshi/pca_sl/results/moshiGO_350/moshiGO_350_run-1_pca12_varExpl_MNI.nii.gz
31,350,6-9yo,2,/scratch/09123/ofriend/moshi/pca_sl/results/moshiGO_350/moshiGO_350_run-2_pca12_varExpl_MNI.nii.gz
32,350,6-9yo,3,/scratch/09123/ofriend/moshi/pca_sl/results/moshiGO_350/moshiGO_350_run-3_pca12_varExpl_MNI.nii.gz
33,212,6-9yo,1,/scratch/09123/ofriend/moshi/pca_sl/results/moshiGO_212/moshiGO_212_run-1_pca12_varExpl_MNI.nii.gz
34,212,6-9yo,2,/scratch/09123/ofriend/moshi/pca_sl/results/moshiGO_212/moshiGO_212_run-2_pca12_varExpl_MNI.nii.gz
35,212,6-9yo,3,/scratch/09123/ofriend/moshi/pca_sl/results/moshiGO_212/moshiGO_212_run-3_pca12_varExpl_MNI.nii.gz
36,240,6-9yo,1,/scratch/09123/ofriend/moshi/pca_sl/results/moshiGO_240/moshiGO_240_run-1_pca12_varExpl_MNI.nii.gz
37,240,6-9yo,2,/scratch/09123/ofriend/moshi/pca_sl/results/moshiGO_240/moshiGO_240_run-2_pca12_varExpl_MNI.nii.gz
38,240,6-9yo,3,/scratch/09123/ofriend/moshi/pca_sl/results/moshiGO_240/moshiGO_240_run-3_pca12_varExpl_MNI.nii.gz
39,262,6-9yo,1,/scratch/09123/ofriend/moshi/pca_sl/results/moshiGO_262/moshiGO_262_run-1_pca12_varExpl_MNI.nii.gz
40,262,6-9yo,2,/scratch/09123/ofriend/moshi/pca_sl/results/moshiGO_262/moshiGO_262_run-2_pca12_varExpl_MNI.nii.gz
41,262,6-9yo,3,/scratch/09123/ofriend/moshi/pca_sl/results/moshiGO_262/moshiGO_262_run-3_pca12_varExpl_MNI.nii.gz
42,297,6-9yo,1,/scratch/09123/ofriend/moshi/pca_sl/results/moshiGO_297/moshiGO_297_run-1_pca12_varExpl_MNI.nii.gz
43,297,6-9yo,2,/scratch/09123/ofriend/moshi/pca_sl/results/moshiGO_297/moshiGO_297_run-2_pca12_varExpl_MNI.nii.gz
44,297,6-9yo,3,/scratch/09123/ofriend/moshi/pca_sl/results/moshiGO_297/moshiGO_297_run-3_pca12_varExpl_MNI.nii.gz
45,280,6-9yo,1,/scratch/09123/ofriend/moshi/pca_sl/results/moshiGO_280/moshiGO_280_run-1_pca12_varExpl_MNI.nii.gz
46,280,6-9yo,2,/scratch/09123/ofriend/moshi/pca_sl/results/moshiGO_280/moshiGO_280_run-2_pca12_varExpl_MNI.nii.gz
47,280,6-9yo,3,/scratch/09123/ofriend/moshi/pca_sl/results/moshiGO_280/moshiGO_280_run-3_pca12_varExpl_MNI.nii.gz
48,329,6-9yo,1,/scratch/09123/ofriend/moshi/pca_sl/results/moshiGO_329/moshiGO_329_run-1_pca12_varExpl_MNI.nii.gz
49,329,6-9yo,2,/scratch/09123/ofriend/moshi/pca_sl/results/moshiGO_329/moshiGO_329_run-2_pca12_varExpl_MNI.nii.gz
50,329,6-9yo,3,/scratch/09123/ofriend/moshi/pca_sl/results/moshiGO_329/moshiGO_329_run-3_pca12_varExpl_MNI.nii.gz
51,253,6-9yo,1,/scratch/09123/ofriend/moshi/pca_sl/results/moshiGO_253/moshiGO_253_run-1_pca12_varExpl_MNI.nii.gz
52,253,6-9yo,2,/scratch/09123/ofriend/moshi/pca_sl/results/moshiGO_253/moshiGO_253_run-2_pca12_varExpl_MNI.nii.gz
53,253,6-9yo,3,/scratch/09123/ofriend/moshi/pca_sl/results/moshiGO_253/moshiGO_253_run-3_pca12_varExpl_MNI.nii.gz
54,268,6-9yo,1,/scratch/09123/ofriend/moshi/pca_sl/results/moshiGO_268/moshiGO_268_run-1_pca12_varExpl_MNI.nii.gz
55,268,6-9yo,2,/scratch/09123/ofriend/moshi/pca_sl/results/moshiGO_268/moshiGO_268_run-2_pca12_varExpl_MNI.nii.gz
56,268,6-9yo,3,/scratch/09123/ofriend/moshi/pca_sl/results/moshiGO_268/moshiGO_268_run-3_pca12_varExpl_MNI.nii.gz
57,221,6-9yo,1,/scratch/09123/ofriend/moshi/pca_sl/results/moshiGO_221/moshiGO_221_run-1_pca12_varExpl_MNI.nii.gz
58,221,6-9yo,2,/scratch/09123/ofriend/moshi/pca_sl/results/moshiGO_221/moshiGO_221_run-2_pca12_varExpl_MNI.nii.gz
59,221,6-9yo,3,/scratch/09123/ofriend/moshi/pca_sl/results/moshiGO_221/moshiGO_221_run-3_pca12_varExpl_MNI.nii.gz
60,343,6-9yo,1,/scratch/09123/ofriend/moshi/pca_sl/results/moshiGO_343/moshiGO_343_run-1_pca12_varExpl_MNI.nii.gz
61,343,6-9yo,2,/scratch/09123/ofriend/moshi/pca_sl/results/moshiGO_343/moshiGO_343_run-2_pca12_varExpl_MNI.nii.gz
62,343,6-9yo,3,/scratch/09123/ofriend/moshi/pca_sl/results/moshiGO_343/moshiGO_343_run-3_pca12_varExpl_MNI.nii.gz
63,273,6-9yo,1,/scratch/09123/ofriend/moshi/pca_sl/results/moshiGO_273/moshiGO_273_run-1_pca12_varExpl_MNI.nii.gz
64,273,6-9yo,2,/scratch/09123/ofriend/moshi/pca_sl/results/moshiGO_273/moshiGO_273_run-2_pca12_varExpl_MNI.nii.gz
65,273,6-9yo,3,/scratch/09123/ofriend/moshi/pca_sl/results/moshiGO_273/moshiGO_273_run-3_pca12_varExpl_MNI.nii.gz
66,324,6-9yo,1,/scratch/09123/ofriend/moshi/pca_sl/results/moshiGO_324/moshiGO_324_run-1_pca12_varExpl_MNI.nii.gz
67,324,6-9yo,2,/scratch/09123/ofriend/moshi/pca_sl/results/moshiGO_324/moshiGO_324_run-2_pca12_varExpl_MNI.nii.gz
68,324,6-9yo,3,/scratch/09123/ofriend/moshi/pca_sl/results/moshiGO_324/moshiGO_324_run-3_pca12_varExpl_MNI.nii.gz
69,289,6-9yo,1,/scratch/09123/ofriend/moshi/pca_sl/results/moshiGO_289/moshiGO_289_run-1_pca12_varExpl_MNI.nii.gz
70,289,6-9yo,2,/scratch/09123/ofriend/moshi/pca_sl/results/moshiGO_289/moshiGO_289_run-2_pca12_varExpl_MNI.nii.gz
71,289,6-9yo,3,/scratch/09123/ofriend/moshi/pca_sl/results/moshiGO_289/moshiGO_289_run-3_pca12_varExpl_MNI.nii.gz
72,230,6-9yo,1,/scratch/09123/ofriend/moshi/pca_sl/results/moshiGO_230/moshiGO_230_run-1_pca12_varExpl_MNI.nii.gz
73,230,6-9yo,2,/scratch/09123/ofriend/moshi/pca_sl/results/moshiGO_230/moshiGO_230_run-2_pca12_varExpl_MNI.nii.gz
74,230,6-9yo,3,/scratch/09123/ofriend/moshi/pca_sl/results/moshiGO_230/moshiGO_230_run-3_pca12_varExpl_MNI.nii.gz
75,285,6-9yo,1,/scratch/09123/ofriend/moshi/pca_sl/results/moshiGO_285/moshiGO_285_run-1_pca12_varExpl_MNI.nii.gz
76,285,6-9yo,2,/scratch/09123/ofriend/moshi/pca_sl/results/moshiGO_285/moshiGO_285_run-2_pca12_varExpl_MNI.nii.gz
77,285,6-9yo,3,/scratch/09123/ofriend/moshi/pca_sl/results/moshiGO_285/moshiGO_285_run-3_pca12_varExpl_MNI.nii.gz
78,294,6-9yo,1,/scratch/09123/ofriend/moshi/pca_sl/results/moshiGO_294/moshiGO_294_run-1_pca12_varExpl_MNI.nii.gz
79,294,6-9yo,2,/scratch/09123/ofriend/moshi/pca_sl/results/moshiGO_294/moshiGO_294_run-2_pca12_varExpl_MNI.nii.gz
80,294,6-9yo,3,/scratch/09123/ofriend/moshi/pca_sl/results/moshiGO_294/moshiGO_294_run-3_pca12_varExpl_MNI.nii.gz
81,345,6-9yo,1,/scratch/09123/ofriend/moshi/pca_sl/results/moshiGO_345/moshiGO_345_run-1_pca12_varExpl_MNI.nii.gz
82,345,6-9yo,2,/scratch/09123/ofriend/moshi/pca_sl/results/moshiGO_345/moshiGO_345_run-2_pca12_varExpl_MNI.nii.gz
83,345,6-9yo,3,/scratch/09123/ofriend/moshi/pca_sl/results/moshiGO_345/moshiGO_345_run-3_pca12_varExpl_MNI.nii.gz
84,239,10-12yo,1,/scratch/09123/ofriend/moshi/pca_sl/results/moshiGO_239/moshiGO_239_run-1_pca12_varExpl_MNI.nii.gz
85,239,10-12yo,2,/scratch/09123/ofriend/moshi/pca_sl/results/moshiGO_239/moshiGO_239_run-2_pca12_varExpl_MNI.nii.gz
86,239,10-12yo,3,/scratch/09123/ofriend/moshi/pca_sl/results/moshiGO_239/moshiGO_239_run-3_pca12_varExpl_MNI.nii.gz
87,247,10-12yo,1,/scratch/09123/ofriend/moshi/pca_sl/results/moshiGO_247/moshiGO_247_run-1_pca12_varExpl_MNI.nii.gz
88,247,10-12yo,2,/scratch/09123/ofriend/moshi/pca_sl/results/moshiGO_247/moshiGO_247_run-2_pca12_varExpl_MNI.nii.gz
89,247,10-12yo,3,/scratch/09123/ofriend/moshi/pca_sl/results/moshiGO_247/moshiGO_247_run-3_pca12_varExpl_MNI.nii.gz
90,220,10-12yo,1,/scratch/09123/ofriend/moshi/pca_sl/results/moshiGO_220/moshiGO_220_run-1_pca12_varExpl_MNI.nii.gz
91,220,10-12yo,2,/scratch/09123/ofriend/moshi/pca_sl/results/moshiGO_220/moshiGO_220_run-2_pca12_varExpl_MNI.nii.gz
92,220,10-12yo,3,/scratch/09123/ofriend/moshi/pca_sl/results/moshiGO_220/moshiGO_220_run-3_pca12_varExpl_MNI.nii.gz
93,243,10-12yo,1,/scratch/09123/ofriend/moshi/pca_sl/results/moshiGO_243/moshiGO_243_run-1_pca12_varExpl_MNI.nii.gz
94,243,10-12yo,2,/scratch/09123/ofriend/moshi/pca_sl/results/moshiGO_243/moshiGO_243_run-2_pca12_varExpl_MNI.nii.gz
95,243,10-12yo,3,/scratch/09123/ofriend/moshi/pca_sl/results/moshiGO_243/moshiGO_243_run-3_pca12_varExpl_MNI.nii.gz
96,281,10-12yo,1,/scratch/09123/ofriend/moshi/pca_sl/results/moshiGO_281/moshiGO_281_run-1_pca12_varExpl_MNI.nii.gz
97,281,10-12yo,2,/scratch/09123/ofriend/moshi/pca_sl/results/moshiGO_281/moshiGO_281_run-2_pca12_varExpl_MNI.nii.gz
98,281,10-12yo,3,/scratch/09123/ofriend/moshi/pca_sl/results/moshiGO_281/moshiGO_281_run-3_pca12_varExpl_MNI.nii.gz
99,251,10-12yo,1,/scratch/09123/ofriend/moshi/pca_sl/results/moshiGO_251/moshiGO_251_run-1_pca12_varExpl_MNI.nii.gz
100,251,10-12yo,2,/scratch/09123/ofriend/moshi/pca_sl/results/moshiGO_251/moshiGO_251_run-2_pca12_varExpl_MNI.nii.gz
101,251,10-12yo,3,/scratch/09123/ofriend/moshi/pca_sl/results/moshiGO_251/moshiGO_251_run-3_pca12_varExpl_MNI.nii.gz
102,322,10-12yo,1,/scratch/09123/ofriend/moshi/pca_sl/results/moshiGO_322/moshiGO_322_run-1_pca12_varExpl_MNI.nii.gz
103,322,10-12yo,2,/scratch/09123/ofriend/moshi/pca_sl/results/moshiGO_322/moshiGO_322_run-2_pca12_varExpl_MNI.nii.gz
104,322,10-12yo,3,/scratch/09123/ofriend/moshi/pca_sl/results/moshiGO_322/moshiGO_322_run-3_pca12_varExpl_MNI.nii.gz
105,327,10-12yo,1,/scratch/09123/ofriend/moshi/pca_sl/results/moshiGO_327/moshiGO_327_run-1_pca12_varExpl_MNI.nii.gz
106,327,10-12yo,2,/scratch/09123/ofriend/moshi/pca_sl/results/moshiGO_327/moshiGO_327_run-2_pca12_varExpl_MNI.nii.gz
107,327,10-12yo,3,/scratch/09123/ofriend/moshi/pca_sl/results/moshiGO_327/moshiGO_327_run-3_pca12_varExpl_MNI.nii.gz
108,314,10-12yo,1,/scratch/09123/ofriend/moshi/pca_sl/results/moshiGO_314/moshiGO_314_run-1_pca12_varExpl_MNI.nii.gz
109,314,10-12yo,2,/scratch/09123/ofriend/moshi/pca_sl/results/moshiGO_314/moshiGO_314_run-2_pca12_varExpl_MNI.nii.gz
110,314,10-12yo,3,/scratch/09123/ofriend/moshi/pca_sl/results/moshiGO_314/moshiGO_314_run-3_pca12_varExpl_MNI.nii.gz
111,336,10-12yo,1,/scratch/09123/ofriend/moshi/pca_sl/results/moshiGO_336/moshiGO_336_run-1_pca12_varExpl_MNI.nii.gz
112,336,10-12yo,2,/scratch/09123/ofriend/moshi/pca_sl/results/moshiGO_336/moshiGO_336_run-2_pca12_varExpl_MNI.nii.gz
113,336,10-12yo,3,/scratch/09123/ofriend/moshi/pca_sl/results/moshiGO_336/moshiGO_336_run-3_pca12_varExpl_MNI.nii.gz
114,250,10-12yo,1,/scratch/09123/ofriend/moshi/pca_sl/results/moshiGO_250/moshiGO_250_run-1_pca12_varExpl_MNI.nii.gz
115,250,10-12yo,2,/scratch/09123/ofriend/moshi/pca_sl/results/moshiGO_250/moshiGO_250_run-2_pca12_varExpl_MNI.nii.gz
116,250,10-12yo,3,/scratch/09123/ofriend/moshi/pca_sl/results/moshiGO_250/moshiGO_250_run-3_pca12_varExpl_MNI.nii.gz
117,310,10-12yo,1,/scratch/09123/ofriend/moshi/pca_sl/results/moshiGO_310/moshiGO_310_run-1_pca12_varExpl_MNI.nii.gz
118,310,10-12yo,2,/scratch/09123/ofriend/moshi/pca_sl/results/moshiGO_310/moshiGO_310_run-2_pca12_varExpl_MNI.nii.gz
119,310,10-12yo,3,/scratch/09123/ofriend/moshi/pca_sl/results/moshiGO_310/moshiGO_310_run-3_pca12_varExpl_MNI.nii.gz
120,308,10-12yo,1,/scratch/09123/ofriend/moshi/pca_sl/results/moshiGO_308/moshiGO_308_run-1_pca12_varExpl_MNI.nii.gz
121,308,10-12yo,2,/scratch/09123/ofriend/moshi/pca_sl/results/moshiGO_308/moshiGO_308_run-2_pca12_varExpl_MNI.nii.gz
122,308,10-12yo,3,/scratch/09123/ofriend/moshi/pca_sl/results/moshiGO_308/moshiGO_308_run-3_pca12_varExpl_MNI.nii.gz
123,331,10-12yo,1,/scratch/09123/ofriend/moshi/pca_sl/results/moshiGO_331/moshiGO_331_run-1_pca12_varExpl_MNI.nii.gz
124,331,10-12yo,2,/scratch/09123/ofriend/moshi/pca_sl/results/moshiGO_331/moshiGO_331_run-2_pca12_varExpl_MNI.nii.gz
125,331,10-12yo,3,/scratch/09123/ofriend/moshi/pca_sl/results/moshiGO_331/moshiGO_331_run-3_pca12_varExpl_MNI.nii.gz
126,339,10-12yo,1,/scratch/09123/ofriend/moshi/pca_sl/results/moshiGO_339/moshiGO_339_run-1_pca12_varExpl_MNI.nii.gz
127,339,10-12yo,2,/scratch/09123/ofriend/moshi/pca_sl/results/moshiGO_339/moshiGO_339_run-2_pca12_varExpl_MNI.nii.gz
128,339,10-12yo,3,/scratch/09123/ofriend/moshi/pca_sl/results/moshiGO_339/moshiGO_339_run-3_pca12_varExpl_MNI.nii.gz
129,320,10-12yo,1,/scratch/09123/ofriend/moshi/pca_sl/results/moshiGO_320/moshiGO_320_run-1_pca12_varExpl_MNI.nii.gz
130,320,10-12yo,2,/scratch/09123/ofriend/moshi/pca_sl/results/moshiGO_320/moshiGO_320_run-2_pca12_varExpl_MNI.nii.gz
131,320,10-12yo,3,/scratch/09123/ofriend/moshi/pca_sl/results/moshiGO_320/moshiGO_320_run-3_pca12_varExpl_MNI.nii.gz
132,246,10-12yo,1,/scratch/09123/ofriend/moshi/pca_sl/results/moshiGO_246/moshiGO_246_run-1_pca12_varExpl_MNI.nii.gz
133,246,10-12yo,2,/scratch/09123/ofriend/moshi/pca_sl/results/moshiGO_246/moshiGO_246_run-2_pca12_varExpl_MNI.nii.gz
134,246,10-12yo,3,/scratch/09123/ofriend/moshi/pca_sl/results/moshiGO_246/moshiGO_246_run-3_pca12_varExpl_MNI.nii.gz
135,208,10-12yo,1,/scratch/09123/ofriend/moshi/pca_sl/results/moshiGO_208/moshiGO_208_run-1_pca12_varExpl_MNI.nii.gz
136,208,10-12yo,2,/scratch/09123/ofriend/moshi/pca_sl/results/moshiGO_208/moshiGO_208_run-2_pca12_varExpl_MNI.nii.gz
137,208,10-12yo,3,/scratch/09123/ofriend/moshi/pca_sl/results/moshiGO_208/moshiGO_208_run-3_pca12_varExpl_MNI.nii.gz
138,249,10-12yo,1,/scratch/09123/ofriend/moshi/pca_sl/results/moshiGO_249/moshiGO_249_run-1_pca12_varExpl_MNI.nii.gz
139,249,10-12yo,2,/scratch/09123/ofriend/moshi/pca_sl/results/moshiGO_249/moshiGO_249_run-2_pca12_varExpl_MNI.nii.gz
140,249,10-12yo,3,/scratch/09123/ofriend/moshi/pca_sl/results/moshiGO_249/moshiGO_249_run-3_pca12_varExpl_MNI.nii.gz
141,313,10-12yo,1,/scratch/09123/ofriend/moshi/pca_sl/results/moshiGO_313/moshiGO_313_run-1_pca12_varExpl_MNI.nii.gz
142,313,10-12yo,2,/scratch/09123/ofriend/moshi/pca_sl/results/moshiGO_313/moshiGO_313_run-2_pca12_varExpl_MNI.nii.gz
143,313,10-12yo,3,/scratch/09123/ofriend/moshi/pca_sl/results/moshiGO_313/moshiGO_313_run-3_pca12_varExpl_MNI.nii.gz
144,315,10-12yo,1,/scratch/09123/ofriend/moshi/pca_sl/results/moshiGO_315/moshiGO_315_run-1_pca12_varExpl_MNI.nii.gz
145,315,10-12yo,2,/scratch/09123/ofriend/moshi/pca_sl/results/moshiGO_315/moshiGO_315_run-2_pca12_varExpl_MNI.nii.gz
146,315,10-12yo,3,/scratch/09123/ofriend/moshi/pca_sl/results/moshiGO_315/moshiGO_315_run-3_pca12_varExpl_MNI.nii.gz
147,333,10-12yo,1,/scratch/09123/ofriend/moshi/pca_sl/results/moshiGO_333/moshiGO_333_run-1_pca12_varExpl_MNI.nii.gz
148,333,10-12yo,2,/scratch/09123/ofriend/moshi/pca_sl/results/moshiGO_333/moshiGO_333_run-2_pca12_varExpl_MNI.nii.gz
149,333,10-12yo,3,/scratch/09123/ofriend/moshi/pca_sl/results/moshiGO_333/moshiGO_333_run-3_pca12_varExpl_MNI.nii.gz
150,241,10-12yo,1,/scratch/09123/ofriend/moshi/pca_sl/results/moshiGO_241/moshiGO_241_run-1_pca12_varExpl_MNI.nii.gz
151,241,10-12yo,2,/scratch/09123/ofriend/moshi/pca_sl/results/moshiGO_241/moshiGO_241_run-2_pca12_varExpl_MNI.nii.gz
152,241,10-12yo,3,/scratch/09123/ofriend/moshi/pca_sl/results/moshiGO_241/moshiGO_241_run-3_pca12_varExpl_MNI.nii.gz
153,277,10-12yo,1,/scratch/09123/ofriend/moshi/pca_sl/results/moshiGO_277/moshiGO_277_run-1_pca12_varExpl_MNI.nii.gz
154,277,10-12yo,2,/scratch/09123/ofriend/moshi/pca_sl/results/moshiGO_277/moshiGO_277_run-2_pca12_varExpl_MNI.nii.gz
155,277,10-12yo,3,/scratch/09123/ofriend/moshi/pca_sl/results/moshiGO_277/moshiGO_277_run-3_pca12_varExpl_MNI.nii.gz
156,316,10-12yo,1,/scratch/09123/ofriend/moshi/pca_sl/results/moshiGO_316/moshiGO_316_run-1_pca12_varExpl_MNI.nii.gz
157,316,10-12yo,2,/scratch/09123/ofriend/moshi/pca_sl/results/moshiGO_316/moshiGO_316_run-2_pca12_varExpl_MNI.nii.gz
158,316,10-12yo,3,/scratch/09123/ofriend/moshi/pca_sl/results/moshiGO_316/moshiGO_316_run-3_pca12_varExpl_MNI.nii.gz
159,248,10-12yo,1,/scratch/09123/ofriend/moshi/pca_sl/results/moshiGO_248/moshiGO_248_run-1_pca12_varExpl_MNI.nii.gz
160,248,10-12yo,2,/scratch/09123/ofriend/moshi/pca_sl/results/moshiGO_248/moshiGO_248_run-2_pca12_varExpl_MNI.nii.gz
161,248,10-12yo,3,/scratch/09123/ofriend/moshi/pca_sl/results/moshiGO_248/moshiGO_248_run-3_pca12_varExpl_MNI.nii.gz
162,213,10-12yo,1,/scratch/09123/ofriend/moshi/pca_sl/results/moshiGO_213/moshiGO_213_run-1_pca12_varExpl_MNI.nii.gz
163,213,10-12yo,2,/scratch/09123/ofriend/moshi/pca_sl/results/moshiGO_213/moshiGO_213_run-2_pca12_varExpl_MNI.nii.gz
164,213,10-12yo,3,/scratch/09123/ofriend/moshi/pca_sl/results/moshiGO_213/moshiGO_213_run-3_pca12_varExpl_MNI.nii.gz
165,278,10-12yo,1,/scratch/09123/ofriend/moshi/pca_sl/results/moshiGO_278/moshiGO_278_run-1_pca12_varExpl_MNI.nii.gz
166,278,10-12yo,2,/scratch/09123/ofriend/moshi/pca_sl/results/moshiGO_278/moshiGO_278_run-2_pca12_varExpl_MNI.nii.gz
167,278,10-12yo,3,/scratch/09123/ofriend/moshi/pca_sl/results/moshiGO_278/moshiGO_278_run-3_pca12_varExpl_MNI.nii.gz
168,334,10-12yo,1,/scratch/09123/ofriend/moshi/pca_sl/results/moshiGO_334/moshiGO_334_run-1_pca12_varExpl_MNI.nii.gz
169,334,10-12yo,2,/scratch/09123/ofriend/moshi/pca_sl/results/moshiGO_334/moshiGO_334_run-2_pca12_varExpl_MNI.nii.gz
170,334,10-12yo,3,/scratch/09123/ofriend/moshi/pca_sl/results/moshiGO_334/moshiGO_334_run-3_pca12_varExpl_MNI.nii.gz
171,321,10-12yo,1,/scratch/09123/ofriend/moshi/pca_sl/results/moshiGO_321/moshiGO_321_run-1_pca12_varExpl_MNI.nii.gz
172,321,10-12yo,2,/scratch/09123/ofriend/moshi/pca_sl/results/moshiGO_321/moshiGO_321_run-2_pca12_varExpl_MNI.nii.gz
173,321,10-12yo,3,/scratch/09123/ofriend/moshi/pca_sl/results/moshiGO_321/moshiGO_321_run-3_pca12_varExpl_MNI.nii.gz
174,201,Adults,1,/scratch/09123/ofriend/moshi/pca_sl/results/moshiGO_201/moshiGO_201_run-1_pca12_varExpl_MNI.nii.gz
175,201,Adults,2,/scratch/09123/ofriend/moshi/pca_sl/results/moshiGO_201/moshiGO_201_run-2_pca12_varExpl_MNI.nii.gz
176,201,Adults,3,/scratch/09123/ofriend/moshi/pca_sl/results/moshiGO_201/moshiGO_201_run-3_pca12_varExpl_MNI.nii.gz
177,266,Adults,1,/scratch/09123/ofriend/moshi/pca_sl/results/moshiGO_266/moshiGO_266_run-1_pca12_varExpl_MNI.nii.gz
178,266,Adults,2,/scratch/09123/ofriend/moshi/pca_sl/results/moshiGO_266/moshiGO_266_run-2_pca12_varExpl_MNI.nii.gz
179,266,Adults,3,/scratch/09123/ofriend/moshi/pca_sl/results/moshiGO_266/moshiGO_266_run-3_pca12_varExpl_MNI.nii.gz
180,238,Adults,1,/scratch/09123/ofriend/moshi/pca_sl/results/moshiGO_238/moshiGO_238_run-1_pca12_varExpl_MNI.nii.gz
181,238,Adults,2,/scratch/09123/ofriend/moshi/pca_sl/results/moshiGO_238/moshiGO_238_run-2_pca12_varExpl_MNI.nii.gz
182,238,Adults,3,/scratch/09123/ofriend/moshi/pca_sl/results/moshiGO_238/moshiGO_238_run-3_pca12_varExpl_MNI.nii.gz
183,258,Adults,1,/scratch/09123/ofriend/moshi/pca_sl/results/moshiGO_258/moshiGO_258_run-1_pca12_varExpl_MNI.nii.gz
184,258,Adults,2,/scratch/09123/ofriend/moshi/pca_sl/results/moshiGO_258/moshiGO_258_run-2_pca12_varExpl_MNI.nii.gz
185,258,Adults,3,/scratch/09123/ofriend/moshi/pca_sl/results/moshiGO_258/moshiGO_258_run-3_pca12_varExpl_MNI.nii.gz
186,231,Adults,1,/scratch/09123/ofriend/moshi/pca_sl/results/moshiGO_231/moshiGO_231_run-1_pca12_varExpl_MNI.nii.gz
187,231,Adults,2,/scratch/09123/ofriend/moshi/pca_sl/results/moshiGO_231/moshiGO_231_run-2_pca12_varExpl_MNI.nii.gz
188,231,Adults,3,/scratch/09123/ofriend/moshi/pca_sl/results/moshiGO_231/moshiGO_231_run-3_pca12_varExpl_MNI.nii.gz
189,304,Adults,1,/scratch/09123/ofriend/moshi/pca_sl/results/moshiGO_304/moshiGO_304_run-1_pca12_varExpl_MNI.nii.gz
190,304,Adults,2,/scratch/09123/ofriend/moshi/pca_sl/results/moshiGO_304/moshiGO_304_run-2_pca12_varExpl_MNI.nii.gz
191,304,Adults,3,/scratch/09123/ofriend/moshi/pca_sl/results/moshiGO_304/moshiGO_304_run-3_pca12_varExpl_MNI.nii.gz
192,259,Adults,1,/scratch/09123/ofriend/moshi/pca_sl/results/moshiGO_259/moshiGO_259_run-1_pca12_varExpl_MNI.nii.gz
193,259,Adults,2,/scratch/09123/ofriend/moshi/pca_sl/results/moshiGO_259/moshiGO_259_run-2_pca12_varExpl_MNI.nii.gz
194,259,Adults,3,/scratch/09123/ofriend/moshi/pca_sl/results/moshiGO_259/moshiGO_259_run-3_pca12_varExpl_MNI.nii.gz
195,261,Adults,1,/scratch/09123/ofriend/moshi/pca_sl/results/moshiGO_261/moshiGO_261_run-1_pca12_varExpl_MNI.nii.gz
196,261,Adults,2,/scratch/09123/ofriend/moshi/pca_sl/results/moshiGO_261/moshiGO_261_run-2_pca12_varExpl_MNI.nii.gz
197,261,Adults,3,/scratch/09123/ofriend/moshi/pca_sl/results/moshiGO_261/moshiGO_261_run-3_pca12_varExpl_MNI.nii.gz
198,284,Adults,1,/scratch/09123/ofriend/moshi/pca_sl/results/moshiGO_284/moshiGO_284_run-1_pca12_varExpl_MNI.nii.gz
199,284,Adults,2,/scratch/09123/ofriend/moshi/pca_sl/results/moshiGO_284/moshiGO_284_run-2_pca12_varExpl_MNI.nii.gz
200,284,Adults,3,/scratch/09123/ofriend/moshi/pca_sl/results/moshiGO_284/moshiGO_284_run-3_pca12_varExpl_MNI.nii.gz
201,305,Adults,1,/scratch/09123/ofriend/moshi/pca_sl/results/moshiGO_305/moshiGO_305_run-1_pca12_varExpl_MNI.nii.gz
202,305,Adults,2,/scratch/09123/ofriend/moshi/pca_sl/results/moshiGO_305/moshiGO_305_run-2_pca12_varExpl_MNI.nii.gz
203,305,Adults,3,/scratch/09123/ofriend/moshi/pca_sl/results/moshiGO_305/moshiGO_305_run-3_pca12_varExpl_MNI.nii.gz
204,312,Adults,1,/scratch/09123/ofriend/moshi/pca_sl/results/moshiGO_312/moshiGO_312_run-1_pca12_varExpl_MNI.nii.gz
205,312,Adults,2,/scratch/09123/ofriend/moshi/pca_sl/results/moshiGO_312/moshiGO_312_run-2_pca12_varExpl_MNI.nii.gz
206,312,Adults,3,/scratch/09123/ofriend/moshi/pca_sl/results/moshiGO_312/moshiGO_312_run-3_pca12_varExpl_MNI.nii.gz
207,224,Adults,1,/scratch/09123/ofriend/moshi/pca_sl/results/moshiGO_224/moshiGO_224_run-1_pca12_varExpl_MNI.nii.gz
208,224,Adults,2,/scratch/09123/ofriend/moshi/pca_sl/results/moshiGO_224/moshiGO_224_run-2_pca12_varExpl_MNI.nii.gz
209,224,Adults,3,/scratch/09123/ofriend/moshi/pca_sl/results/moshiGO_224/moshiGO_224_run-3_pca12_varExpl_MNI.nii.gz
210,291,Adults,1,/scratch/09123/ofriend/moshi/pca_sl/results/moshiGO_291/moshiGO_291_run-1_pca12_varExpl_MNI.nii.gz
211,291,Adults,2,/scratch/09123/ofriend/moshi/pca_sl/results/moshiGO_291/moshiGO_291_run-2_pca12_varExpl_MNI.nii.gz
212,291,Adults,3,/scratch/09123/ofriend/moshi/pca_sl/results/moshiGO_291/moshiGO_291_run-3_pca12_varExpl_MNI.nii.gz
213,223,Adults,1,/scratch/09123/ofriend/moshi/pca_sl/results/moshiGO_223/moshiGO_223_run-1_pca12_varExpl_MNI.nii.gz
214,223,Adults,2,/scratch/09123/ofriend/moshi/pca_sl/results/moshiGO_223/moshiGO_223_run-2_pca12_varExpl_MNI.nii.gz
215,223,Adults,3,/scratch/09123/ofriend/moshi/pca_sl/results/moshiGO_223/moshiGO_223_run-3_pca12_varExpl_MNI.nii.gz
216,235,Adults,1,/scratch/09123/ofriend/moshi/pca_sl/results/moshiGO_235/moshiGO_235_run-1_pca12_varExpl_MNI.nii.gz
217,235,Adults,2,/scratch/09123/ofriend/moshi/pca_sl/results/moshiGO_235/moshiGO_235_run-2_pca12_varExpl_MNI.nii.gz
218,235,Adults,3,/scratch/09123/ofriend/moshi/pca_sl/results/moshiGO_235/moshiGO_235_run-3_pca12_varExpl_MNI.nii.gz
219,202,Adults,1,/scratch/09123/ofriend/moshi/pca_sl/results/moshiGO_202/moshiGO_202_run-1_pca12_varExpl_MNI.nii.gz
220,202,Adults,2,/scratch/09123/ofriend/moshi/pca_sl/results/moshiGO_202/moshiGO_202_run-2_pca12_varExpl_MNI.nii.gz
221,202,Adults,3,/scratch/09123/ofriend/moshi/pca_sl/results/moshiGO_202/moshiGO_202_run-3_pca12_varExpl_MNI.nii.gz
222,306,Adults,1,/scratch/09123/ofriend/moshi/pca_sl/results/moshiGO_306/moshiGO_306_run-1_pca12_varExpl_MNI.nii.gz
223,306,Adults,2,/scratch/09123/ofriend/moshi/pca_sl/results/moshiGO_306/moshiGO_306_run-2_pca12_varExpl_MNI.nii.gz
224,306,Adults,3,/scratch/09123/ofriend/moshi/pca_sl/results/moshiGO_306/moshiGO_306_run-3_pca12_varExpl_MNI.nii.gz
225,293,Adults,1,/scratch/09123/ofriend/moshi/pca_sl/results/moshiGO_293/moshiGO_293_run-1_pca12_varExpl_MNI.nii.gz
226,293,Adults,2,/scratch/09123/ofriend/moshi/pca_sl/results/moshiGO_293/moshiGO_293_run-2_pca12_varExpl_MNI.nii.gz
227,293,Adults,3,/scratch/09123/ofriend/moshi/pca_sl/results/moshiGO_293/moshiGO_293_run-3_pca12_varExpl_MNI.nii.gz
228,260,Adults,1,/scratch/09123/ofriend/moshi/pca_sl/results/moshiGO_260/moshiGO_260_run-1_pca12_varExpl_MNI.nii.gz
229,260,Adults,2,/scratch/09123/ofriend/moshi/pca_sl/results/moshiGO_260/moshiGO_260_run-2_pca12_varExpl_MNI.nii.gz
230,260,Adults,3,/scratch/09123/ofriend/moshi/pca_sl/results/moshiGO_260/moshiGO_260_run-3_pca12_varExpl_MNI.nii.gz
231,292,Adults,1,/scratch/09123/ofriend/moshi/pca_sl/results/moshiGO_292/moshiGO_292_run-1_pca12_varExpl_MNI.nii.gz
232,292,Adults,2,/scratch/09123/ofriend/moshi/pca_sl/results/moshiGO_292/moshiGO_292_run-2_pca12_varExpl_MNI.nii.gz
233,292,Adults,3,/scratch/09123/ofriend/moshi/pca_sl/results/moshiGO_292/moshiGO_292_run-3_pca12_varExpl_MNI.nii.gz
234,203,Adults,1,/scratch/09123/ofriend/moshi/pca_sl/results/moshiGO_203/moshiGO_203_run-1_pca12_varExpl_MNI.nii.gz
235,203,Adults,2,/scratch/09123/ofriend/moshi/pca_sl/results/moshiGO_203/moshiGO_203_run-2_pca12_varExpl_MNI.nii.gz
236,203,Adults,3,/scratch/09123/ofriend/moshi/pca_sl/results/moshiGO_203/moshiGO_203_run-3_pca12_varExpl_MNI.nii.gz
237,271,Adults,1,/scratch/09123/ofriend/moshi/pca_sl/results/moshiGO_271/moshiGO_271_run-1_pca12_varExpl_MNI.nii.gz
238,271,Adults,2,/scratch/09123/ofriend/moshi/pca_sl/results/moshiGO_271/moshiGO_271_run-2_pca12_varExpl_MNI.nii.gz
239,271,Adults,3,/scratch/09123/ofriend/moshi/pca_sl/results/moshiGO_271/moshiGO_271_run-3_pca12_varExpl_MNI.nii.gz
240,252,Adults,1,/scratch/09123/ofriend/moshi/pca_sl/results/moshiGO_252/moshiGO_252_run-1_pca12_varExpl_MNI.nii.gz
241,252,Adults,2,/scratch/09123/ofriend/moshi/pca_sl/results/moshiGO_252/moshiGO_252_run-2_pca12_varExpl_MNI.nii.gz
242,252,Adults,3,/scratch/09123/ofriend/moshi/pca_sl/results/moshiGO_252/moshiGO_252_run-3_pca12_varExpl_MNI.nii.gz
243,270,Adults,1,/scratch/09123/ofriend/moshi/pca_sl/results/moshiGO_270/moshiGO_270_run-1_pca12_varExpl_MNI.nii.gz
244,270,Adults,2,/scratch/09123/ofriend/moshi/pca_sl/results/moshiGO_270/moshiGO_270_run-2_pca12_varExpl_MNI.nii.gz
245,270,Adults,3,/scratch/09123/ofriend/moshi/pca_sl/results/moshiGO_270/moshiGO_270_run-3_pca12_varExpl_MNI.nii.gz
246,228,Adults,1,/scratch/09123/ofriend/moshi/pca_sl/results/moshiGO_228/moshiGO_228_run-1_pca12_varExpl_MNI.nii.gz
247,228,Adults,2,/scratch/09123/ofriend/moshi/pca_sl/results/moshiGO_228/moshiGO_228_run-2_pca12_varExpl_MNI.nii.gz
248,228,Adults,3,/scratch/09123/ofriend/moshi/pca_sl/results/moshiGO_228/moshiGO_228_run-3_pca12_varExpl_MNI.nii.gz
249,232,Adults,1,/scratch/09123/ofriend/moshi/pca_sl/results/moshiGO_232/moshiGO_232_run-1_pca12_varExpl_MNI.nii.gz
250,232,Adults,2,/scratch/09123/ofriend/moshi/pca_sl/results/moshiGO_232/moshiGO_232_run-2_pca12_varExpl_MNI.nii.gz
251,232,Adults,3,/scratch/09123/ofriend/moshi/pca_sl/results/moshiGO_232/moshiGO_232_run-3_pca12_varExpl_MNI.nii.gz
252,302,Adults,1,/scratch/09123/ofriend/moshi/pca_sl/results/moshiGO_302/moshiGO_302_run-1_pca12_varExpl_MNI.nii.gz
253,302,Adults,2,/scratch/09123/ofriend/moshi/pca_sl/results/moshiGO_302/moshiGO_302_run-2_pca12_varExpl_MNI.nii.gz
254,302,Adults,3,/scratch/09123/ofriend/moshi/pca_sl/results/moshiGO_302/moshiGO_302_run-3_pca12_varExpl_MNI.nii.gz
255,255,Adults,1,/scratch/09123/ofriend/moshi/pca_sl/results/moshiGO_255/moshiGO_255_run-1_pca12_varExpl_MNI.nii.gz
256,255,Adults,2,/scratch/09123/ofriend/moshi/pca_sl/results/moshiGO_255/moshiGO_255_run-2_pca12_varExpl_MNI.nii.gz
257,255,Adults,3,/scratch/09123/ofriend/moshi/pca_sl/results/moshiGO_255/moshiGO_255_run-3_pca12_varExpl_MNI.nii.gz
