,subject,age_group,run,path,func_path
0,222,6-9yo,1,/scratch/09123/ofriend/moshi/pca_sl/results/moshiGO_222/moshiGO_222_run-1_pca12_varExpl_MNI_nn_dilated.nii.gz,/scratch/09123/ofriend/moshi/pca_sl/results/moshiGO_222/moshiGO_222_run-1_pca12_varExpl.nii.gz
1,222,6-9yo,2,/scratch/09123/ofriend/moshi/pca_sl/results/moshiGO_222/moshiGO_222_run-2_pca12_varExpl_MNI_nn_dilated.nii.gz,/scratch/09123/ofriend/moshi/pca_sl/results/moshiGO_222/moshiGO_222_run-2_pca12_varExpl.nii.gz
2,222,6-9yo,3,/scratch/09123/ofriend/moshi/pca_sl/results/moshiGO_222/moshiGO_222_run-3_pca12_varExpl_MNI_nn_dilated.nii.gz,/scratch/09123/ofriend/moshi/pca_sl/results/moshiGO_222/moshiGO_222_run-3_pca12_varExpl.nii.gz
3,222,6-9yo,4,/scratch/09123/ofriend/moshi/pca_sl/results/moshiGO_222/moshiGO_222_run-4_pca12_varExpl_MNI_nn_dilated.nii.gz,/scratch/09123/ofriend/moshi/pca_sl/results/moshiGO_222/moshiGO_222_run-4_pca12_varExpl.nii.gz
4,222,6-9yo,5,/scratch/09123/ofriend/moshi/pca_sl/results/moshiGO_222/moshiGO_222_run-5_pca12_varExpl_MNI_nn_dilated.nii.gz,/scratch/09123/ofriend/moshi/pca_sl/results/moshiGO_222/moshiGO_222_run-5_pca12_varExpl.nii.gz
5,222,6-9yo,6,/scratch/09123/ofriend/moshi/pca_sl/results/moshiGO_222/moshiGO_222_run-6_pca12_varExpl_MNI_nn_dilated.nii.gz,/scratch/09123/ofriend/moshi/pca_sl/results/moshiGO_222/moshiGO_222_run-6_pca12_varExpl.nii.gz
6,211,6-9yo,1,/scratch/09123/ofriend/moshi/pca_sl/results/moshiGO_211/moshiGO_211_run-1_pca12_varExpl_MNI_nn_dilated.nii.gz,/scratch/09123/ofriend/moshi/pca_sl/results/moshiGO_211/moshiGO_211_run-1_pca12_varExpl.nii.gz
7,211,6-9yo,2,/scratch/09123/ofriend/moshi/pca_sl/results/moshiGO_211/moshiGO_211_run-2_pca12_varExpl_MNI_nn_dilated.nii.gz,/scratch/09123/ofriend/moshi/pca_sl/results/moshiGO_211/moshiGO_211_run-2_pca12_varExpl.nii.gz
8,211,6-9yo,3,/scratch/09123/ofriend/moshi/pca_sl/results/moshiGO_211/moshiGO_211_run-3_pca12_varExpl_MNI_nn_dilated.nii.gz,/scratch/09123/ofriend/moshi/pca_sl/results/moshiGO_211/moshiGO_211_run-3_pca12_varExpl.nii.gz
9,211,6-9yo,4,/scratch/09123/ofriend/moshi/pca_sl/results/moshiGO_211/moshiGO_211_run-4_pca12_varExpl_MNI_nn_dilated.nii.gz,/scratch/09123/ofriend/moshi/pca_sl/results/moshiGO_211/moshiGO_211_run-4_pca12_varExpl.nii.gz
10,211,6-9yo,5,/scratch/09123/ofriend/moshi/pca_sl/results/moshiGO_211/moshiGO_211_run-5_pca12_varExpl_MNI_nn_dilated.nii.gz,/scratch/09123/ofriend/moshi/pca_sl/results/moshiGO_211/moshiGO_211_run-5_pca12_varExpl.nii.gz
11,211,6-9yo,6,/scratch/09123/ofriend/moshi/pca_sl/results/moshiGO_211/moshiGO_211_run-6_pca12_varExpl_MNI_nn_dilated.nii.gz,/scratch/09123/ofriend/moshi/pca_sl/results/moshiGO_211/moshiGO_211_run-6_pca12_varExpl.nii.gz
12,351,6-9yo,1,/scratch/09123/ofriend/moshi/pca_sl/results/moshiGO_351/moshiGO_351_run-1_pca12_varExpl_MNI_nn_dilated.nii.gz,/scratch/09123/ofriend/moshi/pca_sl/results/moshiGO_351/moshiGO_351_run-1_pca12_varExpl.nii.gz
13,351,6-9yo,2,/scratch/09123/ofriend/moshi/pca_sl/results/moshiGO_351/moshiGO_351_run-2_pca12_varExpl_MNI_nn_dilated.nii.gz,/scratch/09123/ofriend/moshi/pca_sl/results/moshiGO_351/moshiGO_351_run-2_pca12_varExpl.nii.gz
14,351,6-9yo,3,/scratch/09123/ofriend/moshi/pca_sl/results/moshiGO_351/moshiGO_351_run-3_pca12_varExpl_MNI_nn_dilated.nii.gz,/scratch/09123/ofriend/moshi/pca_sl/results/moshiGO_351/moshiGO_351_run-3_pca12_varExpl.nii.gz
15,351,6-9yo,4,/scratch/09123/ofriend/moshi/pca_sl/results/moshiGO_351/moshiGO_351_run-4_pca12_varExpl_MNI_nn_dilated.nii.gz,/scratch/09123/ofriend/moshi/pca_sl/results/moshiGO_351/moshiGO_351_run-4_pca12_varExpl.nii.gz
16,351,6-9yo,5,/scratch/09123/ofriend/moshi/pca_sl/results/moshiGO_351/moshiGO_351_run-5_pca12_varExpl_MNI_nn_dilated.nii.gz,/scratch/09123/ofriend/moshi/pca_sl/results/moshiGO_351/moshiGO_351_run-5_pca12_varExpl.nii.gz
17,351,6-9yo,6,/scratch/09123/ofriend/moshi/pca_sl/results/moshiGO_351/moshiGO_351_run-6_pca12_varExpl_MNI_nn_dilated.nii.gz,/scratch/09123/ofriend/moshi/pca_sl/results/moshiGO_351/moshiGO_351_run-6_pca12_varExpl.nii.gz
18,298,6-9yo,1,/scratch/09123/ofriend/moshi/pca_sl/results/moshiGO_298/moshiGO_298_run-1_pca12_varExpl_MNI_nn_dilated.nii.gz,/scratch/09123/ofriend/moshi/pca_sl/results/moshiGO_298/moshiGO_298_run-1_pca12_varExpl.nii.gz
19,298,6-9yo,2,/scratch/09123/ofriend/moshi/pca_sl/results/moshiGO_298/moshiGO_298_run-2_pca12_varExpl_MNI_nn_dilated.nii.gz,/scratch/09123/ofriend/moshi/pca_sl/results/moshiGO_298/moshiGO_298_run-2_pca12_varExpl.nii.gz
20,298,6-9yo,3,/scratch/09123/ofriend/moshi/pca_sl/results/moshiGO_298/moshiGO_298_run-3_pca12_varExpl_MNI_nn_dilated.nii.gz,/scratch/09123/ofriend/moshi/pca_sl/results/moshiGO_298/moshiGO_298_run-3_pca12_varExpl.nii.gz
21,298,6-9yo,4,/scratch/09123/ofriend/moshi/pca_sl/results/moshiGO_298/moshiGO_298_run-4_pca12_varExpl_MNI_nn_dilated.nii.gz,/scratch/09123/ofriend/moshi/pca_sl/results/moshiGO_298/moshiGO_298_run-4_pca12_varExpl.nii.gz
22,298,6-9yo,5,/scratch/09123/ofriend/moshi/pca_sl/results/moshiGO_298/moshiGO_298_run-5_pca12_varExpl_MNI_nn_dilated.nii.gz,/scratch/09123/ofriend/moshi/pca_sl/results/moshiGO_298/moshiGO_298_run-5_pca12_varExpl.nii.gz
23,298,6-9yo,6,/scratch/09123/ofriend/moshi/pca_sl/results/moshiGO_298/moshiGO_298_run-6_pca12_varExpl_MNI_nn_dilated.nii.gz,/scratch/09123/ofriend/moshi/pca_sl/results/moshiGO_298/moshiGO_298_run-6_pca12_varExpl.nii.gz
24,226,6-9yo,1,/scratch/09123/ofriend/moshi/pca_sl/results/moshiGO_226/moshiGO_226_run-1_pca12_varExpl_MNI_nn_dilated.nii.gz,/scratch/09123/ofriend/moshi/pca_sl/results/moshiGO_226/moshiGO_226_run-1_pca12_varExpl.nii.gz
25,226,6-9yo,2,/scratch/09123/ofriend/moshi/pca_sl/results/moshiGO_226/moshiGO_226_run-2_pca12_varExpl_MNI_nn_dilated.nii.gz,/scratch/09123/ofriend/moshi/pca_sl/results/moshiGO_226/moshiGO_226_run-2_pca12_varExpl.nii.gz
26,226,6-9yo,3,/scratch/09123/ofriend/moshi/pca_sl/results/moshiGO_226/moshiGO_226_run-3_pca12_varExpl_MNI_nn_dilated.nii.gz,/scratch/09123/ofriend/moshi/pca_sl/results/moshiGO_226/moshiGO_226_run-3_pca12_varExpl.nii.gz
27,226,6-9yo,4,/scratch/09123/ofriend/moshi/pca_sl/results/moshiGO_226/moshiGO_226_run-4_pca12_varExpl_MNI_nn_dilated.nii.gz,/scratch/09123/ofriend/moshi/pca_sl/results/moshiGO_226/moshiGO_226_run-4_pca12_varExpl.nii.gz
28,226,6-9yo,5,/scratch/09123/ofriend/moshi/pca_sl/results/moshiGO_226/moshiGO_226_run-5_pca12_varExpl_MNI_nn_dilated.nii.gz,/scratch/09123/ofriend/moshi/pca_sl/results/moshiGO_226/moshiGO_226_run-5_pca12_varExpl.nii.gz
29,226,6-9yo,6,/scratch/09123/ofriend/moshi/pca_sl/results/moshiGO_226/moshiGO_226_run-6_pca12_varExpl_MNI_nn_dilated.nii.gz,/scratch/09123/ofriend/moshi/pca_sl/results/moshiGO_226/moshiGO_226_run-6_pca12_varExpl.nii.gz
30,323,6-9yo,1,/scratch/09123/ofriend/moshi/pca_sl/results/moshiGO_323/moshiGO_323_run-1_pca12_varExpl_MNI_nn_dilated.nii.gz,/scratch/09123/ofriend/moshi/pca_sl/results/moshiGO_323/moshiGO_323_run-1_pca12_varExpl.nii.gz
31,323,6-9yo,2,/scratch/09123/ofriend/moshi/pca_sl/results/moshiGO_323/moshiGO_323_run-2_pca12_varExpl_MNI_nn_dilated.nii.gz,/scratch/09123/ofriend/moshi/pca_sl/results/moshiGO_323/moshiGO_323_run-2_pca12_varExpl.nii.gz
32,323,6-9yo,3,/scratch/09123/ofriend/moshi/pca_sl/results/moshiGO_323/moshiGO_323_run-3_pca12_varExpl_MNI_nn_dilated.nii.gz,/scratch/09123/ofriend/moshi/pca_sl/results/moshiGO_323/moshiGO_323_run-3_pca12_varExpl.nii.gz
33,323,6-9yo,4,/scratch/09123/ofriend/moshi/pca_sl/results/moshiGO_323/moshiGO_323_run-4_pca12_varExpl_MNI_nn_dilated.nii.gz,/scratch/09123/ofriend/moshi/pca_sl/results/moshiGO_323/moshiGO_323_run-4_pca12_varExpl.nii.gz
34,323,6-9yo,5,/scratch/09123/ofriend/moshi/pca_sl/results/moshiGO_323/moshiGO_323_run-5_pca12_varExpl_MNI_nn_dilated.nii.gz,/scratch/09123/ofriend/moshi/pca_sl/results/moshiGO_323/moshiGO_323_run-5_pca12_varExpl.nii.gz
35,323,6-9yo,6,/scratch/09123/ofriend/moshi/pca_sl/results/moshiGO_323/moshiGO_323_run-6_pca12_varExpl_MNI_nn_dilated.nii.gz,/scratch/09123/ofriend/moshi/pca_sl/results/moshiGO_323/moshiGO_323_run-6_pca12_varExpl.nii.gz
36,341,6-9yo,1,/scratch/09123/ofriend/moshi/pca_sl/results/moshiGO_341/moshiGO_341_run-1_pca12_varExpl_MNI_nn_dilated.nii.gz,/scratch/09123/ofriend/moshi/pca_sl/results/moshiGO_341/moshiGO_341_run-1_pca12_varExpl.nii.gz
37,341,6-9yo,2,/scratch/09123/ofriend/moshi/pca_sl/results/moshiGO_341/moshiGO_341_run-2_pca12_varExpl_MNI_nn_dilated.nii.gz,/scratch/09123/ofriend/moshi/pca_sl/results/moshiGO_341/moshiGO_341_run-2_pca12_varExpl.nii.gz
38,341,6-9yo,3,/scratch/09123/ofriend/moshi/pca_sl/results/moshiGO_341/moshiGO_341_run-3_pca12_varExpl_MNI_nn_dilated.nii.gz,/scratch/09123/ofriend/moshi/pca_sl/results/moshiGO_341/moshiGO_341_run-3_pca12_varExpl.nii.gz
39,341,6-9yo,4,/scratch/09123/ofriend/moshi/pca_sl/results/moshiGO_341/moshiGO_341_run-4_pca12_varExpl_MNI_nn_dilated.nii.gz,/scratch/09123/ofriend/moshi/pca_sl/results/moshiGO_341/moshiGO_341_run-4_pca12_varExpl.nii.gz
40,341,6-9yo,5,/scratch/09123/ofriend/moshi/pca_sl/results/moshiGO_341/moshiGO_341_run-5_pca12_varExpl_MNI_nn_dilated.nii.gz,/scratch/09123/ofriend/moshi/pca_sl/results/moshiGO_341/moshiGO_341_run-5_pca12_varExpl.nii.gz
41,341,6-9yo,6,/scratch/09123/ofriend/moshi/pca_sl/results/moshiGO_341/moshiGO_341_run-6_pca12_varExpl_MNI_nn_dilated.nii.gz,/scratch/09123/ofriend/moshi/pca_sl/results/moshiGO_341/moshiGO_341_run-6_pca12_varExpl.nii.gz
42,229,6-9yo,1,/scratch/09123/ofriend/moshi/pca_sl/results/moshiGO_229/moshiGO_229_run-1_pca12_varExpl_MNI_nn_dilated.nii.gz,/scratch/09123/ofriend/moshi/pca_sl/results/moshiGO_229/moshiGO_229_run-1_pca12_varExpl.nii.gz
43,229,6-9yo,2,/scratch/09123/ofriend/moshi/pca_sl/results/moshiGO_229/moshiGO_229_run-2_pca12_varExpl_MNI_nn_dilated.nii.gz,/scratch/09123/ofriend/moshi/pca_sl/results/moshiGO_229/moshiGO_229_run-2_pca12_varExpl.nii.gz
44,229,6-9yo,3,/scratch/09123/ofriend/moshi/pca_sl/results/moshiGO_229/moshiGO_229_run-3_pca12_varExpl_MNI_nn_dilated.nii.gz,/scratch/09123/ofriend/moshi/pca_sl/results/moshiGO_229/moshiGO_229_run-3_pca12_varExpl.nii.gz
45,229,6-9yo,4,/scratch/09123/ofriend/moshi/pca_sl/results/moshiGO_229/moshiGO_229_run-4_pca12_varExpl_MNI_nn_dilated.nii.gz,/scratch/09123/ofriend/moshi/pca_sl/results/moshiGO_229/moshiGO_229_run-4_pca12_varExpl.nii.gz
46,229,6-9yo,5,/scratch/09123/ofriend/moshi/pca_sl/results/moshiGO_229/moshiGO_229_run-5_pca12_varExpl_MNI_nn_dilated.nii.gz,/scratch/09123/ofriend/moshi/pca_sl/results/moshiGO_229/moshiGO_229_run-5_pca12_varExpl.nii.gz
47,229,6-9yo,6,/scratch/09123/ofriend/moshi/pca_sl/results/moshiGO_229/moshiGO_229_run-6_pca12_varExpl_MNI_nn_dilated.nii.gz,/scratch/09123/ofriend/moshi/pca_sl/results/moshiGO_229/moshiGO_229_run-6_pca12_varExpl.nii.gz
48,279,6-9yo,1,/scratch/09123/ofriend/moshi/pca_sl/results/moshiGO_279/moshiGO_279_run-1_pca12_varExpl_MNI_nn_dilated.nii.gz,/scratch/09123/ofriend/moshi/pca_sl/results/moshiGO_279/moshiGO_279_run-1_pca12_varExpl.nii.gz
49,279,6-9yo,2,/scratch/09123/ofriend/moshi/pca_sl/results/moshiGO_279/moshiGO_279_run-2_pca12_varExpl_MNI_nn_dilated.nii.gz,/scratch/09123/ofriend/moshi/pca_sl/results/moshiGO_279/moshiGO_279_run-2_pca12_varExpl.nii.gz
50,279,6-9yo,3,/scratch/09123/ofriend/moshi/pca_sl/results/moshiGO_279/moshiGO_279_run-3_pca12_varExpl_MNI_nn_dilated.nii.gz,/scratch/09123/ofriend/moshi/pca_sl/results/moshiGO_279/moshiGO_279_run-3_pca12_varExpl.nii.gz
51,279,6-9yo,4,/scratch/09123/ofriend/moshi/pca_sl/results/moshiGO_279/moshiGO_279_run-4_pca12_varExpl_MNI_nn_dilated.nii.gz,/scratch/09123/ofriend/moshi/pca_sl/results/moshiGO_279/moshiGO_279_run-4_pca12_varExpl.nii.gz
52,279,6-9yo,5,/scratch/09123/ofriend/moshi/pca_sl/results/moshiGO_279/moshiGO_279_run-5_pca12_varExpl_MNI_nn_dilated.nii.gz,/scratch/09123/ofriend/moshi/pca_sl/results/moshiGO_279/moshiGO_279_run-5_pca12_varExpl.nii.gz
53,279,6-9yo,6,/scratch/09123/ofriend/moshi/pca_sl/results/moshiGO_279/moshiGO_279_run-6_pca12_varExpl_MNI_nn_dilated.nii.gz,/scratch/09123/ofriend/moshi/pca_sl/results/moshiGO_279/moshiGO_279_run-6_pca12_varExpl.nii.gz
54,282,6-9yo,1,/scratch/09123/ofriend/moshi/pca_sl/results/moshiGO_282/moshiGO_282_run-1_pca12_varExpl_MNI_nn_dilated.nii.gz,/scratch/09123/ofriend/moshi/pca_sl/results/moshiGO_282/moshiGO_282_run-1_pca12_varExpl.nii.gz
55,282,6-9yo,2,/scratch/09123/ofriend/moshi/pca_sl/results/moshiGO_282/moshiGO_282_run-2_pca12_varExpl_MNI_nn_dilated.nii.gz,/scratch/09123/ofriend/moshi/pca_sl/results/moshiGO_282/moshiGO_282_run-2_pca12_varExpl.nii.gz
56,282,6-9yo,3,/scratch/09123/ofriend/moshi/pca_sl/results/moshiGO_282/moshiGO_282_run-3_pca12_varExpl_MNI_nn_dilated.nii.gz,/scratch/09123/ofriend/moshi/pca_sl/results/moshiGO_282/moshiGO_282_run-3_pca12_varExpl.nii.gz
57,282,6-9yo,4,/scratch/09123/ofriend/moshi/pca_sl/results/moshiGO_282/moshiGO_282_run-4_pca12_varExpl_MNI_nn_dilated.nii.gz,/scratch/09123/ofriend/moshi/pca_sl/results/moshiGO_282/moshiGO_282_run-4_pca12_varExpl.nii.gz
58,282,6-9yo,5,/scratch/09123/ofriend/moshi/pca_sl/results/moshiGO_282/moshiGO_282_run-5_pca12_varExpl_MNI_nn_dilated.nii.gz,/scratch/09123/ofriend/moshi/pca_sl/results/moshiGO_282/moshiGO_282_run-5_pca12_varExpl.nii.gz
59,282,6-9yo,6,/scratch/09123/ofriend/moshi/pca_sl/results/moshiGO_282/moshiGO_282_run-6_pca12_varExpl_MNI_nn_dilated.nii.gz,/scratch/09123/ofriend/moshi/pca_sl/results/moshiGO_282/moshiGO_282_run-6_pca12_varExpl.nii.gz
60,350,6-9yo,1,/scratch/09123/ofriend/moshi/pca_sl/results/moshiGO_350/moshiGO_350_run-1_pca12_varExpl_MNI_nn_dilated.nii.gz,/scratch/09123/ofriend/moshi/pca_sl/results/moshiGO_350/moshiGO_350_run-1_pca12_varExpl.nii.gz
61,350,6-9yo,2,/scratch/09123/ofriend/moshi/pca_sl/results/moshiGO_350/moshiGO_350_run-2_pca12_varExpl_MNI_nn_dilated.nii.gz,/scratch/09123/ofriend/moshi/pca_sl/results/moshiGO_350/moshiGO_350_run-2_pca12_varExpl.nii.gz
62,350,6-9yo,3,/scratch/09123/ofriend/moshi/pca_sl/results/moshiGO_350/moshiGO_350_run-3_pca12_varExpl_MNI_nn_dilated.nii.gz,/scratch/09123/ofriend/moshi/pca_sl/results/moshiGO_350/moshiGO_350_run-3_pca12_varExpl.nii.gz
63,350,6-9yo,4,/scratch/09123/ofriend/moshi/pca_sl/results/moshiGO_350/moshiGO_350_run-4_pca12_varExpl_MNI_nn_dilated.nii.gz,/scratch/09123/ofriend/moshi/pca_sl/results/moshiGO_350/moshiGO_350_run-4_pca12_varExpl.nii.gz
64,350,6-9yo,5,/scratch/09123/ofriend/moshi/pca_sl/results/moshiGO_350/moshiGO_350_run-5_pca12_varExpl_MNI_nn_dilated.nii.gz,/scratch/09123/ofriend/moshi/pca_sl/results/moshiGO_350/moshiGO_350_run-5_pca12_varExpl.nii.gz
65,350,6-9yo,6,/scratch/09123/ofriend/moshi/pca_sl/results/moshiGO_350/moshiGO_350_run-6_pca12_varExpl_MNI_nn_dilated.nii.gz,/scratch/09123/ofriend/moshi/pca_sl/results/moshiGO_350/moshiGO_350_run-6_pca12_varExpl.nii.gz
66,212,6-9yo,1,/scratch/09123/ofriend/moshi/pca_sl/results/moshiGO_212/moshiGO_212_run-1_pca12_varExpl_MNI_nn_dilated.nii.gz,/scratch/09123/ofriend/moshi/pca_sl/results/moshiGO_212/moshiGO_212_run-1_pca12_varExpl.nii.gz
67,212,6-9yo,2,/scratch/09123/ofriend/moshi/pca_sl/results/moshiGO_212/moshiGO_212_run-2_pca12_varExpl_MNI_nn_dilated.nii.gz,/scratch/09123/ofriend/moshi/pca_sl/results/moshiGO_212/moshiGO_212_run-2_pca12_varExpl.nii.gz
68,212,6-9yo,3,/scratch/09123/ofriend/moshi/pca_sl/results/moshiGO_212/moshiGO_212_run-3_pca12_varExpl_MNI_nn_dilated.nii.gz,/scratch/09123/ofriend/moshi/pca_sl/results/moshiGO_212/moshiGO_212_run-3_pca12_varExpl.nii.gz
69,212,6-9yo,4,/scratch/09123/ofriend/moshi/pca_sl/results/moshiGO_212/moshiGO_212_run-4_pca12_varExpl_MNI_nn_dilated.nii.gz,/scratch/09123/ofriend/moshi/pca_sl/results/moshiGO_212/moshiGO_212_run-4_pca12_varExpl.nii.gz
70,212,6-9yo,5,/scratch/09123/ofriend/moshi/pca_sl/results/moshiGO_212/moshiGO_212_run-5_pca12_varExpl_MNI_nn_dilated.nii.gz,/scratch/09123/ofriend/moshi/pca_sl/results/moshiGO_212/moshiGO_212_run-5_pca12_varExpl.nii.gz
71,212,6-9yo,6,/scratch/09123/ofriend/moshi/pca_sl/results/moshiGO_212/moshiGO_212_run-6_pca12_varExpl_MNI_nn_dilated.nii.gz,/scratch/09123/ofriend/moshi/pca_sl/results/moshiGO_212/moshiGO_212_run-6_pca12_varExpl.nii.gz
72,240,6-9yo,1,/scratch/09123/ofriend/moshi/pca_sl/results/moshiGO_240/moshiGO_240_run-1_pca12_varExpl_MNI_nn_dilated.nii.gz,/scratch/09123/ofriend/moshi/pca_sl/results/moshiGO_240/moshiGO_240_run-1_pca12_varExpl.nii.gz
73,240,6-9yo,2,/scratch/09123/ofriend/moshi/pca_sl/results/moshiGO_240/moshiGO_240_run-2_pca12_varExpl_MNI_nn_dilated.nii.gz,/scratch/09123/ofriend/moshi/pca_sl/results/moshiGO_240/moshiGO_240_run-2_pca12_varExpl.nii.gz
74,240,6-9yo,3,/scratch/09123/ofriend/moshi/pca_sl/results/moshiGO_240/moshiGO_240_run-3_pca12_varExpl_MNI_nn_dilated.nii.gz,/scratch/09123/ofriend/moshi/pca_sl/results/moshiGO_240/moshiGO_240_run-3_pca12_varExpl.nii.gz
75,240,6-9yo,4,/scratch/09123/ofriend/moshi/pca_sl/results/moshiGO_240/moshiGO_240_run-4_pca12_varExpl_MNI_nn_dilated.nii.gz,/scratch/09123/ofriend/moshi/pca_sl/results/moshiGO_240/moshiGO_240_run-4_pca12_varExpl.nii.gz
76,240,6-9yo,5,/scratch/09123/ofriend/moshi/pca_sl/results/moshiGO_240/moshiGO_240_run-5_pca12_varExpl_MNI_nn_dilated.nii.gz,/scratch/09123/ofriend/moshi/pca_sl/results/moshiGO_240/moshiGO_240_run-5_pca12_varExpl.nii.gz
77,240,6-9yo,6,/scratch/09123/ofriend/moshi/pca_sl/results/moshiGO_240/moshiGO_240_run-6_pca12_varExpl_MNI_nn_dilated.nii.gz,/scratch/09123/ofriend/moshi/pca_sl/results/moshiGO_240/moshiGO_240_run-6_pca12_varExpl.nii.gz
78,262,6-9yo,1,/scratch/09123/ofriend/moshi/pca_sl/results/moshiGO_262/moshiGO_262_run-1_pca12_varExpl_MNI_nn_dilated.nii.gz,/scratch/09123/ofriend/moshi/pca_sl/results/moshiGO_262/moshiGO_262_run-1_pca12_varExpl.nii.gz
79,262,6-9yo,2,/scratch/09123/ofriend/moshi/pca_sl/results/moshiGO_262/moshiGO_262_run-2_pca12_varExpl_MNI_nn_dilated.nii.gz,/scratch/09123/ofriend/moshi/pca_sl/results/moshiGO_262/moshiGO_262_run-2_pca12_varExpl.nii.gz
80,262,6-9yo,3,/scratch/09123/ofriend/moshi/pca_sl/results/moshiGO_262/moshiGO_262_run-3_pca12_varExpl_MNI_nn_dilated.nii.gz,/scratch/09123/ofriend/moshi/pca_sl/results/moshiGO_262/moshiGO_262_run-3_pca12_varExpl.nii.gz
81,262,6-9yo,4,/scratch/09123/ofriend/moshi/pca_sl/results/moshiGO_262/moshiGO_262_run-4_pca12_varExpl_MNI_nn_dilated.nii.gz,/scratch/09123/ofriend/moshi/pca_sl/results/moshiGO_262/moshiGO_262_run-4_pca12_varExpl.nii.gz
82,262,6-9yo,5,/scratch/09123/ofriend/moshi/pca_sl/results/moshiGO_262/moshiGO_262_run-5_pca12_varExpl_MNI_nn_dilated.nii.gz,/scratch/09123/ofriend/moshi/pca_sl/results/moshiGO_262/moshiGO_262_run-5_pca12_varExpl.nii.gz
83,262,6-9yo,6,/scratch/09123/ofriend/moshi/pca_sl/results/moshiGO_262/moshiGO_262_run-6_pca12_varExpl_MNI_nn_dilated.nii.gz,/scratch/09123/ofriend/moshi/pca_sl/results/moshiGO_262/moshiGO_262_run-6_pca12_varExpl.nii.gz
84,297,6-9yo,1,/scratch/09123/ofriend/moshi/pca_sl/results/moshiGO_297/moshiGO_297_run-1_pca12_varExpl_MNI_nn_dilated.nii.gz,/scratch/09123/ofriend/moshi/pca_sl/results/moshiGO_297/moshiGO_297_run-1_pca12_varExpl.nii.gz
85,297,6-9yo,2,/scratch/09123/ofriend/moshi/pca_sl/results/moshiGO_297/moshiGO_297_run-2_pca12_varExpl_MNI_nn_dilated.nii.gz,/scratch/09123/ofriend/moshi/pca_sl/results/moshiGO_297/moshiGO_297_run-2_pca12_varExpl.nii.gz
86,297,6-9yo,3,/scratch/09123/ofriend/moshi/pca_sl/results/moshiGO_297/moshiGO_297_run-3_pca12_varExpl_MNI_nn_dilated.nii.gz,/scratch/09123/ofriend/moshi/pca_sl/results/moshiGO_297/moshiGO_297_run-3_pca12_varExpl.nii.gz
87,297,6-9yo,4,/scratch/09123/ofriend/moshi/pca_sl/results/moshiGO_297/moshiGO_297_run-4_pca12_varExpl_MNI_nn_dilated.nii.gz,/scratch/09123/ofriend/moshi/pca_sl/results/moshiGO_297/moshiGO_297_run-4_pca12_varExpl.nii.gz
88,297,6-9yo,5,/scratch/09123/ofriend/moshi/pca_sl/results/moshiGO_297/moshiGO_297_run-5_pca12_varExpl_MNI_nn_dilated.nii.gz,/scratch/09123/ofriend/moshi/pca_sl/results/moshiGO_297/moshiGO_297_run-5_pca12_varExpl.nii.gz
89,297,6-9yo,6,/scratch/09123/ofriend/moshi/pca_sl/results/moshiGO_297/moshiGO_297_run-6_pca12_varExpl_MNI_nn_dilated.nii.gz,/scratch/09123/ofriend/moshi/pca_sl/results/moshiGO_297/moshiGO_297_run-6_pca12_varExpl.nii.gz
90,280,6-9yo,1,/scratch/09123/ofriend/moshi/pca_sl/results/moshiGO_280/moshiGO_280_run-1_pca12_varExpl_MNI_nn_dilated.nii.gz,/scratch/09123/ofriend/moshi/pca_sl/results/moshiGO_280/moshiGO_280_run-1_pca12_varExpl.nii.gz
91,280,6-9yo,2,/scratch/09123/ofriend/moshi/pca_sl/results/moshiGO_280/moshiGO_280_run-2_pca12_varExpl_MNI_nn_dilated.nii.gz,/scratch/09123/ofriend/moshi/pca_sl/results/moshiGO_280/moshiGO_280_run-2_pca12_varExpl.nii.gz
92,280,6-9yo,3,/scratch/09123/ofriend/moshi/pca_sl/results/moshiGO_280/moshiGO_280_run-3_pca12_varExpl_MNI_nn_dilated.nii.gz,/scratch/09123/ofriend/moshi/pca_sl/results/moshiGO_280/moshiGO_280_run-3_pca12_varExpl.nii.gz
93,280,6-9yo,4,/scratch/09123/ofriend/moshi/pca_sl/results/moshiGO_280/moshiGO_280_run-4_pca12_varExpl_MNI_nn_dilated.nii.gz,/scratch/09123/ofriend/moshi/pca_sl/results/moshiGO_280/moshiGO_280_run-4_pca12_varExpl.nii.gz
94,280,6-9yo,5,/scratch/09123/ofriend/moshi/pca_sl/results/moshiGO_280/moshiGO_280_run-5_pca12_varExpl_MNI_nn_dilated.nii.gz,/scratch/09123/ofriend/moshi/pca_sl/results/moshiGO_280/moshiGO_280_run-5_pca12_varExpl.nii.gz
95,280,6-9yo,6,/scratch/09123/ofriend/moshi/pca_sl/results/moshiGO_280/moshiGO_280_run-6_pca12_varExpl_MNI_nn_dilated.nii.gz,/scratch/09123/ofriend/moshi/pca_sl/results/moshiGO_280/moshiGO_280_run-6_pca12_varExpl.nii.gz
96,329,6-9yo,1,/scratch/09123/ofriend/moshi/pca_sl/results/moshiGO_329/moshiGO_329_run-1_pca12_varExpl_MNI_nn_dilated.nii.gz,/scratch/09123/ofriend/moshi/pca_sl/results/moshiGO_329/moshiGO_329_run-1_pca12_varExpl.nii.gz
97,329,6-9yo,2,/scratch/09123/ofriend/moshi/pca_sl/results/moshiGO_329/moshiGO_329_run-2_pca12_varExpl_MNI_nn_dilated.nii.gz,/scratch/09123/ofriend/moshi/pca_sl/results/moshiGO_329/moshiGO_329_run-2_pca12_varExpl.nii.gz
98,329,6-9yo,3,/scratch/09123/ofriend/moshi/pca_sl/results/moshiGO_329/moshiGO_329_run-3_pca12_varExpl_MNI_nn_dilated.nii.gz,/scratch/09123/ofriend/moshi/pca_sl/results/moshiGO_329/moshiGO_329_run-3_pca12_varExpl.nii.gz
99,329,6-9yo,4,/scratch/09123/ofriend/moshi/pca_sl/results/moshiGO_329/moshiGO_329_run-4_pca12_varExpl_MNI_nn_dilated.nii.gz,/scratch/09123/ofriend/moshi/pca_sl/results/moshiGO_329/moshiGO_329_run-4_pca12_varExpl.nii.gz
100,329,6-9yo,5,/scratch/09123/ofriend/moshi/pca_sl/results/moshiGO_329/moshiGO_329_run-5_pca12_varExpl_MNI_nn_dilated.nii.gz,/scratch/09123/ofriend/moshi/pca_sl/results/moshiGO_329/moshiGO_329_run-5_pca12_varExpl.nii.gz
101,329,6-9yo,6,/scratch/09123/ofriend/moshi/pca_sl/results/moshiGO_329/moshiGO_329_run-6_pca12_varExpl_MNI_nn_dilated.nii.gz,/scratch/09123/ofriend/moshi/pca_sl/results/moshiGO_329/moshiGO_329_run-6_pca12_varExpl.nii.gz
102,253,6-9yo,1,/scratch/09123/ofriend/moshi/pca_sl/results/moshiGO_253/moshiGO_253_run-1_pca12_varExpl_MNI_nn_dilated.nii.gz,/scratch/09123/ofriend/moshi/pca_sl/results/moshiGO_253/moshiGO_253_run-1_pca12_varExpl.nii.gz
103,253,6-9yo,2,/scratch/09123/ofriend/moshi/pca_sl/results/moshiGO_253/moshiGO_253_run-2_pca12_varExpl_MNI_nn_dilated.nii.gz,/scratch/09123/ofriend/moshi/pca_sl/results/moshiGO_253/moshiGO_253_run-2_pca12_varExpl.nii.gz
104,253,6-9yo,3,/scratch/09123/ofriend/moshi/pca_sl/results/moshiGO_253/moshiGO_253_run-3_pca12_varExpl_MNI_nn_dilated.nii.gz,/scratch/09123/ofriend/moshi/pca_sl/results/moshiGO_253/moshiGO_253_run-3_pca12_varExpl.nii.gz
105,253,6-9yo,4,/scratch/09123/ofriend/moshi/pca_sl/results/moshiGO_253/moshiGO_253_run-4_pca12_varExpl_MNI_nn_dilated.nii.gz,/scratch/09123/ofriend/moshi/pca_sl/results/moshiGO_253/moshiGO_253_run-4_pca12_varExpl.nii.gz
106,253,6-9yo,5,/scratch/09123/ofriend/moshi/pca_sl/results/moshiGO_253/moshiGO_253_run-5_pca12_varExpl_MNI_nn_dilated.nii.gz,/scratch/09123/ofriend/moshi/pca_sl/results/moshiGO_253/moshiGO_253_run-5_pca12_varExpl.nii.gz
107,253,6-9yo,6,/scratch/09123/ofriend/moshi/pca_sl/results/moshiGO_253/moshiGO_253_run-6_pca12_varExpl_MNI_nn_dilated.nii.gz,/scratch/09123/ofriend/moshi/pca_sl/results/moshiGO_253/moshiGO_253_run-6_pca12_varExpl.nii.gz
108,268,6-9yo,1,/scratch/09123/ofriend/moshi/pca_sl/results/moshiGO_268/moshiGO_268_run-1_pca12_varExpl_MNI_nn_dilated.nii.gz,/scratch/09123/ofriend/moshi/pca_sl/results/moshiGO_268/moshiGO_268_run-1_pca12_varExpl.nii.gz
109,268,6-9yo,2,/scratch/09123/ofriend/moshi/pca_sl/results/moshiGO_268/moshiGO_268_run-2_pca12_varExpl_MNI_nn_dilated.nii.gz,/scratch/09123/ofriend/moshi/pca_sl/results/moshiGO_268/moshiGO_268_run-2_pca12_varExpl.nii.gz
110,268,6-9yo,3,/scratch/09123/ofriend/moshi/pca_sl/results/moshiGO_268/moshiGO_268_run-3_pca12_varExpl_MNI_nn_dilated.nii.gz,/scratch/09123/ofriend/moshi/pca_sl/results/moshiGO_268/moshiGO_268_run-3_pca12_varExpl.nii.gz
111,268,6-9yo,4,/scratch/09123/ofriend/moshi/pca_sl/results/moshiGO_268/moshiGO_268_run-4_pca12_varExpl_MNI_nn_dilated.nii.gz,/scratch/09123/ofriend/moshi/pca_sl/results/moshiGO_268/moshiGO_268_run-4_pca12_varExpl.nii.gz
112,268,6-9yo,5,/scratch/09123/ofriend/moshi/pca_sl/results/moshiGO_268/moshiGO_268_run-5_pca12_varExpl_MNI_nn_dilated.nii.gz,/scratch/09123/ofriend/moshi/pca_sl/results/moshiGO_268/moshiGO_268_run-5_pca12_varExpl.nii.gz
113,268,6-9yo,6,/scratch/09123/ofriend/moshi/pca_sl/results/moshiGO_268/moshiGO_268_run-6_pca12_varExpl_MNI_nn_dilated.nii.gz,/scratch/09123/ofriend/moshi/pca_sl/results/moshiGO_268/moshiGO_268_run-6_pca12_varExpl.nii.gz
114,221,6-9yo,1,/scratch/09123/ofriend/moshi/pca_sl/results/moshiGO_221/moshiGO_221_run-1_pca12_varExpl_MNI_nn_dilated.nii.gz,/scratch/09123/ofriend/moshi/pca_sl/results/moshiGO_221/moshiGO_221_run-1_pca12_varExpl.nii.gz
115,221,6-9yo,2,/scratch/09123/ofriend/moshi/pca_sl/results/moshiGO_221/moshiGO_221_run-2_pca12_varExpl_MNI_nn_dilated.nii.gz,/scratch/09123/ofriend/moshi/pca_sl/results/moshiGO_221/moshiGO_221_run-2_pca12_varExpl.nii.gz
116,221,6-9yo,3,/scratch/09123/ofriend/moshi/pca_sl/results/moshiGO_221/moshiGO_221_run-3_pca12_varExpl_MNI_nn_dilated.nii.gz,/scratch/09123/ofriend/moshi/pca_sl/results/moshiGO_221/moshiGO_221_run-3_pca12_varExpl.nii.gz
117,221,6-9yo,4,/scratch/09123/ofriend/moshi/pca_sl/results/moshiGO_221/moshiGO_221_run-4_pca12_varExpl_MNI_nn_dilated.nii.gz,/scratch/09123/ofriend/moshi/pca_sl/results/moshiGO_221/moshiGO_221_run-4_pca12_varExpl.nii.gz
118,221,6-9yo,5,/scratch/09123/ofriend/moshi/pca_sl/results/moshiGO_221/moshiGO_221_run-5_pca12_varExpl_MNI_nn_dilated.nii.gz,/scratch/09123/ofriend/moshi/pca_sl/results/moshiGO_221/moshiGO_221_run-5_pca12_varExpl.nii.gz
119,221,6-9yo,6,/scratch/09123/ofriend/moshi/pca_sl/results/moshiGO_221/moshiGO_221_run-6_pca12_varExpl_MNI_nn_dilated.nii.gz,/scratch/09123/ofriend/moshi/pca_sl/results/moshiGO_221/moshiGO_221_run-6_pca12_varExpl.nii.gz
120,343,6-9yo,1,/scratch/09123/ofriend/moshi/pca_sl/results/moshiGO_343/moshiGO_343_run-1_pca12_varExpl_MNI_nn_dilated.nii.gz,/scratch/09123/ofriend/moshi/pca_sl/results/moshiGO_343/moshiGO_343_run-1_pca12_varExpl.nii.gz
121,343,6-9yo,2,/scratch/09123/ofriend/moshi/pca_sl/results/moshiGO_343/moshiGO_343_run-2_pca12_varExpl_MNI_nn_dilated.nii.gz,/scratch/09123/ofriend/moshi/pca_sl/results/moshiGO_343/moshiGO_343_run-2_pca12_varExpl.nii.gz
122,343,6-9yo,3,/scratch/09123/ofriend/moshi/pca_sl/results/moshiGO_343/moshiGO_343_run-3_pca12_varExpl_MNI_nn_dilated.nii.gz,/scratch/09123/ofriend/moshi/pca_sl/results/moshiGO_343/moshiGO_343_run-3_pca12_varExpl.nii.gz
123,343,6-9yo,4,/scratch/09123/ofriend/moshi/pca_sl/results/moshiGO_343/moshiGO_343_run-4_pca12_varExpl_MNI_nn_dilated.nii.gz,/scratch/09123/ofriend/moshi/pca_sl/results/moshiGO_343/moshiGO_343_run-4_pca12_varExpl.nii.gz
124,343,6-9yo,5,/scratch/09123/ofriend/moshi/pca_sl/results/moshiGO_343/moshiGO_343_run-5_pca12_varExpl_MNI_nn_dilated.nii.gz,/scratch/09123/ofriend/moshi/pca_sl/results/moshiGO_343/moshiGO_343_run-5_pca12_varExpl.nii.gz
125,343,6-9yo,6,/scratch/09123/ofriend/moshi/pca_sl/results/moshiGO_343/moshiGO_343_run-6_pca12_varExpl_MNI_nn_dilated.nii.gz,/scratch/09123/ofriend/moshi/pca_sl/results/moshiGO_343/moshiGO_343_run-6_pca12_varExpl.nii.gz
126,273,6-9yo,1,/scratch/09123/ofriend/moshi/pca_sl/results/moshiGO_273/moshiGO_273_run-1_pca12_varExpl_MNI_nn_dilated.nii.gz,/scratch/09123/ofriend/moshi/pca_sl/results/moshiGO_273/moshiGO_273_run-1_pca12_varExpl.nii.gz
127,273,6-9yo,2,/scratch/09123/ofriend/moshi/pca_sl/results/moshiGO_273/moshiGO_273_run-2_pca12_varExpl_MNI_nn_dilated.nii.gz,/scratch/09123/ofriend/moshi/pca_sl/results/moshiGO_273/moshiGO_273_run-2_pca12_varExpl.nii.gz
128,273,6-9yo,3,/scratch/09123/ofriend/moshi/pca_sl/results/moshiGO_273/moshiGO_273_run-3_pca12_varExpl_MNI_nn_dilated.nii.gz,/scratch/09123/ofriend/moshi/pca_sl/results/moshiGO_273/moshiGO_273_run-3_pca12_varExpl.nii.gz
129,273,6-9yo,4,/scratch/09123/ofriend/moshi/pca_sl/results/moshiGO_273/moshiGO_273_run-4_pca12_varExpl_MNI_nn_dilated.nii.gz,/scratch/09123/ofriend/moshi/pca_sl/results/moshiGO_273/moshiGO_273_run-4_pca12_varExpl.nii.gz
130,273,6-9yo,5,/scratch/09123/ofriend/moshi/pca_sl/results/moshiGO_273/moshiGO_273_run-5_pca12_varExpl_MNI_nn_dilated.nii.gz,/scratch/09123/ofriend/moshi/pca_sl/results/moshiGO_273/moshiGO_273_run-5_pca12_varExpl.nii.gz
131,273,6-9yo,6,/scratch/09123/ofriend/moshi/pca_sl/results/moshiGO_273/moshiGO_273_run-6_pca12_varExpl_MNI_nn_dilated.nii.gz,/scratch/09123/ofriend/moshi/pca_sl/results/moshiGO_273/moshiGO_273_run-6_pca12_varExpl.nii.gz
132,324,6-9yo,1,/scratch/09123/ofriend/moshi/pca_sl/results/moshiGO_324/moshiGO_324_run-1_pca12_varExpl_MNI_nn_dilated.nii.gz,/scratch/09123/ofriend/moshi/pca_sl/results/moshiGO_324/moshiGO_324_run-1_pca12_varExpl.nii.gz
133,324,6-9yo,2,/scratch/09123/ofriend/moshi/pca_sl/results/moshiGO_324/moshiGO_324_run-2_pca12_varExpl_MNI_nn_dilated.nii.gz,/scratch/09123/ofriend/moshi/pca_sl/results/moshiGO_324/moshiGO_324_run-2_pca12_varExpl.nii.gz
134,324,6-9yo,3,/scratch/09123/ofriend/moshi/pca_sl/results/moshiGO_324/moshiGO_324_run-3_pca12_varExpl_MNI_nn_dilated.nii.gz,/scratch/09123/ofriend/moshi/pca_sl/results/moshiGO_324/moshiGO_324_run-3_pca12_varExpl.nii.gz
135,324,6-9yo,4,/scratch/09123/ofriend/moshi/pca_sl/results/moshiGO_324/moshiGO_324_run-4_pca12_varExpl_MNI_nn_dilated.nii.gz,/scratch/09123/ofriend/moshi/pca_sl/results/moshiGO_324/moshiGO_324_run-4_pca12_varExpl.nii.gz
136,324,6-9yo,5,/scratch/09123/ofriend/moshi/pca_sl/results/moshiGO_324/moshiGO_324_run-5_pca12_varExpl_MNI_nn_dilated.nii.gz,/scratch/09123/ofriend/moshi/pca_sl/results/moshiGO_324/moshiGO_324_run-5_pca12_varExpl.nii.gz
137,324,6-9yo,6,/scratch/09123/ofriend/moshi/pca_sl/results/moshiGO_324/moshiGO_324_run-6_pca12_varExpl_MNI_nn_dilated.nii.gz,/scratch/09123/ofriend/moshi/pca_sl/results/moshiGO_324/moshiGO_324_run-6_pca12_varExpl.nii.gz
138,239,10-12yo,1,/scratch/09123/ofriend/moshi/pca_sl/results/moshiGO_239/moshiGO_239_run-1_pca12_varExpl_MNI_nn_dilated.nii.gz,/scratch/09123/ofriend/moshi/pca_sl/results/moshiGO_239/moshiGO_239_run-1_pca12_varExpl.nii.gz
139,239,10-12yo,2,/scratch/09123/ofriend/moshi/pca_sl/results/moshiGO_239/moshiGO_239_run-2_pca12_varExpl_MNI_nn_dilated.nii.gz,/scratch/09123/ofriend/moshi/pca_sl/results/moshiGO_239/moshiGO_239_run-2_pca12_varExpl.nii.gz
140,239,10-12yo,3,/scratch/09123/ofriend/moshi/pca_sl/results/moshiGO_239/moshiGO_239_run-3_pca12_varExpl_MNI_nn_dilated.nii.gz,/scratch/09123/ofriend/moshi/pca_sl/results/moshiGO_239/moshiGO_239_run-3_pca12_varExpl.nii.gz
141,239,10-12yo,4,/scratch/09123/ofriend/moshi/pca_sl/results/moshiGO_239/moshiGO_239_run-4_pca12_varExpl_MNI_nn_dilated.nii.gz,/scratch/09123/ofriend/moshi/pca_sl/results/moshiGO_239/moshiGO_239_run-4_pca12_varExpl.nii.gz
142,239,10-12yo,5,/scratch/09123/ofriend/moshi/pca_sl/results/moshiGO_239/moshiGO_239_run-5_pca12_varExpl_MNI_nn_dilated.nii.gz,/scratch/09123/ofriend/moshi/pca_sl/results/moshiGO_239/moshiGO_239_run-5_pca12_varExpl.nii.gz
143,239,10-12yo,6,/scratch/09123/ofriend/moshi/pca_sl/results/moshiGO_239/moshiGO_239_run-6_pca12_varExpl_MNI_nn_dilated.nii.gz,/scratch/09123/ofriend/moshi/pca_sl/results/moshiGO_239/moshiGO_239_run-6_pca12_varExpl.nii.gz
144,247,10-12yo,1,/scratch/09123/ofriend/moshi/pca_sl/results/moshiGO_247/moshiGO_247_run-1_pca12_varExpl_MNI_nn_dilated.nii.gz,/scratch/09123/ofriend/moshi/pca_sl/results/moshiGO_247/moshiGO_247_run-1_pca12_varExpl.nii.gz
145,247,10-12yo,2,/scratch/09123/ofriend/moshi/pca_sl/results/moshiGO_247/moshiGO_247_run-2_pca12_varExpl_MNI_nn_dilated.nii.gz,/scratch/09123/ofriend/moshi/pca_sl/results/moshiGO_247/moshiGO_247_run-2_pca12_varExpl.nii.gz
146,247,10-12yo,3,/scratch/09123/ofriend/moshi/pca_sl/results/moshiGO_247/moshiGO_247_run-3_pca12_varExpl_MNI_nn_dilated.nii.gz,/scratch/09123/ofriend/moshi/pca_sl/results/moshiGO_247/moshiGO_247_run-3_pca12_varExpl.nii.gz
147,247,10-12yo,4,/scratch/09123/ofriend/moshi/pca_sl/results/moshiGO_247/moshiGO_247_run-4_pca12_varExpl_MNI_nn_dilated.nii.gz,/scratch/09123/ofriend/moshi/pca_sl/results/moshiGO_247/moshiGO_247_run-4_pca12_varExpl.nii.gz
148,247,10-12yo,5,/scratch/09123/ofriend/moshi/pca_sl/results/moshiGO_247/moshiGO_247_run-5_pca12_varExpl_MNI_nn_dilated.nii.gz,/scratch/09123/ofriend/moshi/pca_sl/results/moshiGO_247/moshiGO_247_run-5_pca12_varExpl.nii.gz
149,247,10-12yo,6,/scratch/09123/ofriend/moshi/pca_sl/results/moshiGO_247/moshiGO_247_run-6_pca12_varExpl_MNI_nn_dilated.nii.gz,/scratch/09123/ofriend/moshi/pca_sl/results/moshiGO_247/moshiGO_247_run-6_pca12_varExpl.nii.gz
150,220,10-12yo,1,/scratch/09123/ofriend/moshi/pca_sl/results/moshiGO_220/moshiGO_220_run-1_pca12_varExpl_MNI_nn_dilated.nii.gz,/scratch/09123/ofriend/moshi/pca_sl/results/moshiGO_220/moshiGO_220_run-1_pca12_varExpl.nii.gz
151,220,10-12yo,2,/scratch/09123/ofriend/moshi/pca_sl/results/moshiGO_220/moshiGO_220_run-2_pca12_varExpl_MNI_nn_dilated.nii.gz,/scratch/09123/ofriend/moshi/pca_sl/results/moshiGO_220/moshiGO_220_run-2_pca12_varExpl.nii.gz
152,220,10-12yo,3,/scratch/09123/ofriend/moshi/pca_sl/results/moshiGO_220/moshiGO_220_run-3_pca12_varExpl_MNI_nn_dilated.nii.gz,/scratch/09123/ofriend/moshi/pca_sl/results/moshiGO_220/moshiGO_220_run-3_pca12_varExpl.nii.gz
153,220,10-12yo,4,/scratch/09123/ofriend/moshi/pca_sl/results/moshiGO_220/moshiGO_220_run-4_pca12_varExpl_MNI_nn_dilated.nii.gz,/scratch/09123/ofriend/moshi/pca_sl/results/moshiGO_220/moshiGO_220_run-4_pca12_varExpl.nii.gz
154,220,10-12yo,5,/scratch/09123/ofriend/moshi/pca_sl/results/moshiGO_220/moshiGO_220_run-5_pca12_varExpl_MNI_nn_dilated.nii.gz,/scratch/09123/ofriend/moshi/pca_sl/results/moshiGO_220/moshiGO_220_run-5_pca12_varExpl.nii.gz
155,220,10-12yo,6,/scratch/09123/ofriend/moshi/pca_sl/results/moshiGO_220/moshiGO_220_run-6_pca12_varExpl_MNI_nn_dilated.nii.gz,/scratch/09123/ofriend/moshi/pca_sl/results/moshiGO_220/moshiGO_220_run-6_pca12_varExpl.nii.gz
156,243,10-12yo,1,/scratch/09123/ofriend/moshi/pca_sl/results/moshiGO_243/moshiGO_243_run-1_pca12_varExpl_MNI_nn_dilated.nii.gz,/scratch/09123/ofriend/moshi/pca_sl/results/moshiGO_243/moshiGO_243_run-1_pca12_varExpl.nii.gz
157,243,10-12yo,2,/scratch/09123/ofriend/moshi/pca_sl/results/moshiGO_243/moshiGO_243_run-2_pca12_varExpl_MNI_nn_dilated.nii.gz,/scratch/09123/ofriend/moshi/pca_sl/results/moshiGO_243/moshiGO_243_run-2_pca12_varExpl.nii.gz
158,243,10-12yo,3,/scratch/09123/ofriend/moshi/pca_sl/results/moshiGO_243/moshiGO_243_run-3_pca12_varExpl_MNI_nn_dilated.nii.gz,/scratch/09123/ofriend/moshi/pca_sl/results/moshiGO_243/moshiGO_243_run-3_pca12_varExpl.nii.gz
159,243,10-12yo,4,/scratch/09123/ofriend/moshi/pca_sl/results/moshiGO_243/moshiGO_243_run-4_pca12_varExpl_MNI_nn_dilated.nii.gz,/scratch/09123/ofriend/moshi/pca_sl/results/moshiGO_243/moshiGO_243_run-4_pca12_varExpl.nii.gz
160,243,10-12yo,5,/scratch/09123/ofriend/moshi/pca_sl/results/moshiGO_243/moshiGO_243_run-5_pca12_varExpl_MNI_nn_dilated.nii.gz,/scratch/09123/ofriend/moshi/pca_sl/results/moshiGO_243/moshiGO_243_run-5_pca12_varExpl.nii.gz
161,243,10-12yo,6,/scratch/09123/ofriend/moshi/pca_sl/results/moshiGO_243/moshiGO_243_run-6_pca12_varExpl_MNI_nn_dilated.nii.gz,/scratch/09123/ofriend/moshi/pca_sl/results/moshiGO_243/moshiGO_243_run-6_pca12_varExpl.nii.gz
162,281,10-12yo,1,/scratch/09123/ofriend/moshi/pca_sl/results/moshiGO_281/moshiGO_281_run-1_pca12_varExpl_MNI_nn_dilated.nii.gz,/scratch/09123/ofriend/moshi/pca_sl/results/moshiGO_281/moshiGO_281_run-1_pca12_varExpl.nii.gz
163,281,10-12yo,2,/scratch/09123/ofriend/moshi/pca_sl/results/moshiGO_281/moshiGO_281_run-2_pca12_varExpl_MNI_nn_dilated.nii.gz,/scratch/09123/ofriend/moshi/pca_sl/results/moshiGO_281/moshiGO_281_run-2_pca12_varExpl.nii.gz
164,281,10-12yo,3,/scratch/09123/ofriend/moshi/pca_sl/results/moshiGO_281/moshiGO_281_run-3_pca12_varExpl_MNI_nn_dilated.nii.gz,/scratch/09123/ofriend/moshi/pca_sl/results/moshiGO_281/moshiGO_281_run-3_pca12_varExpl.nii.gz
165,281,10-12yo,4,/scratch/09123/ofriend/moshi/pca_sl/results/moshiGO_281/moshiGO_281_run-4_pca12_varExpl_MNI_nn_dilated.nii.gz,/scratch/09123/ofriend/moshi/pca_sl/results/moshiGO_281/moshiGO_281_run-4_pca12_varExpl.nii.gz
166,281,10-12yo,5,/scratch/09123/ofriend/moshi/pca_sl/results/moshiGO_281/moshiGO_281_run-5_pca12_varExpl_MNI_nn_dilated.nii.gz,/scratch/09123/ofriend/moshi/pca_sl/results/moshiGO_281/moshiGO_281_run-5_pca12_varExpl.nii.gz
167,281,10-12yo,6,/scratch/09123/ofriend/moshi/pca_sl/results/moshiGO_281/moshiGO_281_run-6_pca12_varExpl_MNI_nn_dilated.nii.gz,/scratch/09123/ofriend/moshi/pca_sl/results/moshiGO_281/moshiGO_281_run-6_pca12_varExpl.nii.gz
168,251,10-12yo,1,/scratch/09123/ofriend/moshi/pca_sl/results/moshiGO_251/moshiGO_251_run-1_pca12_varExpl_MNI_nn_dilated.nii.gz,/scratch/09123/ofriend/moshi/pca_sl/results/moshiGO_251/moshiGO_251_run-1_pca12_varExpl.nii.gz
169,251,10-12yo,2,/scratch/09123/ofriend/moshi/pca_sl/results/moshiGO_251/moshiGO_251_run-2_pca12_varExpl_MNI_nn_dilated.nii.gz,/scratch/09123/ofriend/moshi/pca_sl/results/moshiGO_251/moshiGO_251_run-2_pca12_varExpl.nii.gz
170,251,10-12yo,3,/scratch/09123/ofriend/moshi/pca_sl/results/moshiGO_251/moshiGO_251_run-3_pca12_varExpl_MNI_nn_dilated.nii.gz,/scratch/09123/ofriend/moshi/pca_sl/results/moshiGO_251/moshiGO_251_run-3_pca12_varExpl.nii.gz
171,251,10-12yo,4,/scratch/09123/ofriend/moshi/pca_sl/results/moshiGO_251/moshiGO_251_run-4_pca12_varExpl_MNI_nn_dilated.nii.gz,/scratch/09123/ofriend/moshi/pca_sl/results/moshiGO_251/moshiGO_251_run-4_pca12_varExpl.nii.gz
172,251,10-12yo,5,/scratch/09123/ofriend/moshi/pca_sl/results/moshiGO_251/moshiGO_251_run-5_pca12_varExpl_MNI_nn_dilated.nii.gz,/scratch/09123/ofriend/moshi/pca_sl/results/moshiGO_251/moshiGO_251_run-5_pca12_varExpl.nii.gz
173,251,10-12yo,6,/scratch/09123/ofriend/moshi/pca_sl/results/moshiGO_251/moshiGO_251_run-6_pca12_varExpl_MNI_nn_dilated.nii.gz,/scratch/09123/ofriend/moshi/pca_sl/results/moshiGO_251/moshiGO_251_run-6_pca12_varExpl.nii.gz
174,322,10-12yo,1,/scratch/09123/ofriend/moshi/pca_sl/results/moshiGO_322/moshiGO_322_run-1_pca12_varExpl_MNI_nn_dilated.nii.gz,/scratch/09123/ofriend/moshi/pca_sl/results/moshiGO_322/moshiGO_322_run-1_pca12_varExpl.nii.gz
175,322,10-12yo,2,/scratch/09123/ofriend/moshi/pca_sl/results/moshiGO_322/moshiGO_322_run-2_pca12_varExpl_MNI_nn_dilated.nii.gz,/scratch/09123/ofriend/moshi/pca_sl/results/moshiGO_322/moshiGO_322_run-2_pca12_varExpl.nii.gz
176,322,10-12yo,3,/scratch/09123/ofriend/moshi/pca_sl/results/moshiGO_322/moshiGO_322_run-3_pca12_varExpl_MNI_nn_dilated.nii.gz,/scratch/09123/ofriend/moshi/pca_sl/results/moshiGO_322/moshiGO_322_run-3_pca12_varExpl.nii.gz
177,322,10-12yo,4,/scratch/09123/ofriend/moshi/pca_sl/results/moshiGO_322/moshiGO_322_run-4_pca12_varExpl_MNI_nn_dilated.nii.gz,/scratch/09123/ofriend/moshi/pca_sl/results/moshiGO_322/moshiGO_322_run-4_pca12_varExpl.nii.gz
178,322,10-12yo,5,/scratch/09123/ofriend/moshi/pca_sl/results/moshiGO_322/moshiGO_322_run-5_pca12_varExpl_MNI_nn_dilated.nii.gz,/scratch/09123/ofriend/moshi/pca_sl/results/moshiGO_322/moshiGO_322_run-5_pca12_varExpl.nii.gz
179,322,10-12yo,6,/scratch/09123/ofriend/moshi/pca_sl/results/moshiGO_322/moshiGO_322_run-6_pca12_varExpl_MNI_nn_dilated.nii.gz,/scratch/09123/ofriend/moshi/pca_sl/results/moshiGO_322/moshiGO_322_run-6_pca12_varExpl.nii.gz
180,327,10-12yo,1,/scratch/09123/ofriend/moshi/pca_sl/results/moshiGO_327/moshiGO_327_run-1_pca12_varExpl_MNI_nn_dilated.nii.gz,/scratch/09123/ofriend/moshi/pca_sl/results/moshiGO_327/moshiGO_327_run-1_pca12_varExpl.nii.gz
181,327,10-12yo,2,/scratch/09123/ofriend/moshi/pca_sl/results/moshiGO_327/moshiGO_327_run-2_pca12_varExpl_MNI_nn_dilated.nii.gz,/scratch/09123/ofriend/moshi/pca_sl/results/moshiGO_327/moshiGO_327_run-2_pca12_varExpl.nii.gz
182,327,10-12yo,3,/scratch/09123/ofriend/moshi/pca_sl/results/moshiGO_327/moshiGO_327_run-3_pca12_varExpl_MNI_nn_dilated.nii.gz,/scratch/09123/ofriend/moshi/pca_sl/results/moshiGO_327/moshiGO_327_run-3_pca12_varExpl.nii.gz
183,327,10-12yo,4,/scratch/09123/ofriend/moshi/pca_sl/results/moshiGO_327/moshiGO_327_run-4_pca12_varExpl_MNI_nn_dilated.nii.gz,/scratch/09123/ofriend/moshi/pca_sl/results/moshiGO_327/moshiGO_327_run-4_pca12_varExpl.nii.gz
184,327,10-12yo,5,/scratch/09123/ofriend/moshi/pca_sl/results/moshiGO_327/moshiGO_327_run-5_pca12_varExpl_MNI_nn_dilated.nii.gz,/scratch/09123/ofriend/moshi/pca_sl/results/moshiGO_327/moshiGO_327_run-5_pca12_varExpl.nii.gz
185,327,10-12yo,6,/scratch/09123/ofriend/moshi/pca_sl/results/moshiGO_327/moshiGO_327_run-6_pca12_varExpl_MNI_nn_dilated.nii.gz,/scratch/09123/ofriend/moshi/pca_sl/results/moshiGO_327/moshiGO_327_run-6_pca12_varExpl.nii.gz
186,314,10-12yo,1,/scratch/09123/ofriend/moshi/pca_sl/results/moshiGO_314/moshiGO_314_run-1_pca12_varExpl_MNI_nn_dilated.nii.gz,/scratch/09123/ofriend/moshi/pca_sl/results/moshiGO_314/moshiGO_314_run-1_pca12_varExpl.nii.gz
187,314,10-12yo,2,/scratch/09123/ofriend/moshi/pca_sl/results/moshiGO_314/moshiGO_314_run-2_pca12_varExpl_MNI_nn_dilated.nii.gz,/scratch/09123/ofriend/moshi/pca_sl/results/moshiGO_314/moshiGO_314_run-2_pca12_varExpl.nii.gz
188,314,10-12yo,3,/scratch/09123/ofriend/moshi/pca_sl/results/moshiGO_314/moshiGO_314_run-3_pca12_varExpl_MNI_nn_dilated.nii.gz,/scratch/09123/ofriend/moshi/pca_sl/results/moshiGO_314/moshiGO_314_run-3_pca12_varExpl.nii.gz
189,314,10-12yo,4,/scratch/09123/ofriend/moshi/pca_sl/results/moshiGO_314/moshiGO_314_run-4_pca12_varExpl_MNI_nn_dilated.nii.gz,/scratch/09123/ofriend/moshi/pca_sl/results/moshiGO_314/moshiGO_314_run-4_pca12_varExpl.nii.gz
190,314,10-12yo,5,/scratch/09123/ofriend/moshi/pca_sl/results/moshiGO_314/moshiGO_314_run-5_pca12_varExpl_MNI_nn_dilated.nii.gz,/scratch/09123/ofriend/moshi/pca_sl/results/moshiGO_314/moshiGO_314_run-5_pca12_varExpl.nii.gz
191,314,10-12yo,6,/scratch/09123/ofriend/moshi/pca_sl/results/moshiGO_314/moshiGO_314_run-6_pca12_varExpl_MNI_nn_dilated.nii.gz,/scratch/09123/ofriend/moshi/pca_sl/results/moshiGO_314/moshiGO_314_run-6_pca12_varExpl.nii.gz
192,336,10-12yo,1,/scratch/09123/ofriend/moshi/pca_sl/results/moshiGO_336/moshiGO_336_run-1_pca12_varExpl_MNI_nn_dilated.nii.gz,/scratch/09123/ofriend/moshi/pca_sl/results/moshiGO_336/moshiGO_336_run-1_pca12_varExpl.nii.gz
193,336,10-12yo,2,/scratch/09123/ofriend/moshi/pca_sl/results/moshiGO_336/moshiGO_336_run-2_pca12_varExpl_MNI_nn_dilated.nii.gz,/scratch/09123/ofriend/moshi/pca_sl/results/moshiGO_336/moshiGO_336_run-2_pca12_varExpl.nii.gz
194,336,10-12yo,3,/scratch/09123/ofriend/moshi/pca_sl/results/moshiGO_336/moshiGO_336_run-3_pca12_varExpl_MNI_nn_dilated.nii.gz,/scratch/09123/ofriend/moshi/pca_sl/results/moshiGO_336/moshiGO_336_run-3_pca12_varExpl.nii.gz
195,336,10-12yo,4,/scratch/09123/ofriend/moshi/pca_sl/results/moshiGO_336/moshiGO_336_run-4_pca12_varExpl_MNI_nn_dilated.nii.gz,/scratch/09123/ofriend/moshi/pca_sl/results/moshiGO_336/moshiGO_336_run-4_pca12_varExpl.nii.gz
196,336,10-12yo,5,/scratch/09123/ofriend/moshi/pca_sl/results/moshiGO_336/moshiGO_336_run-5_pca12_varExpl_MNI_nn_dilated.nii.gz,/scratch/09123/ofriend/moshi/pca_sl/results/moshiGO_336/moshiGO_336_run-5_pca12_varExpl.nii.gz
197,336,10-12yo,6,/scratch/09123/ofriend/moshi/pca_sl/results/moshiGO_336/moshiGO_336_run-6_pca12_varExpl_MNI_nn_dilated.nii.gz,/scratch/09123/ofriend/moshi/pca_sl/results/moshiGO_336/moshiGO_336_run-6_pca12_varExpl.nii.gz
198,250,10-12yo,1,/scratch/09123/ofriend/moshi/pca_sl/results/moshiGO_250/moshiGO_250_run-1_pca12_varExpl_MNI_nn_dilated.nii.gz,/scratch/09123/ofriend/moshi/pca_sl/results/moshiGO_250/moshiGO_250_run-1_pca12_varExpl.nii.gz
199,250,10-12yo,2,/scratch/09123/ofriend/moshi/pca_sl/results/moshiGO_250/moshiGO_250_run-2_pca12_varExpl_MNI_nn_dilated.nii.gz,/scratch/09123/ofriend/moshi/pca_sl/results/moshiGO_250/moshiGO_250_run-2_pca12_varExpl.nii.gz
200,250,10-12yo,3,/scratch/09123/ofriend/moshi/pca_sl/results/moshiGO_250/moshiGO_250_run-3_pca12_varExpl_MNI_nn_dilated.nii.gz,/scratch/09123/ofriend/moshi/pca_sl/results/moshiGO_250/moshiGO_250_run-3_pca12_varExpl.nii.gz
201,250,10-12yo,4,/scratch/09123/ofriend/moshi/pca_sl/results/moshiGO_250/moshiGO_250_run-4_pca12_varExpl_MNI_nn_dilated.nii.gz,/scratch/09123/ofriend/moshi/pca_sl/results/moshiGO_250/moshiGO_250_run-4_pca12_varExpl.nii.gz
202,250,10-12yo,5,/scratch/09123/ofriend/moshi/pca_sl/results/moshiGO_250/moshiGO_250_run-5_pca12_varExpl_MNI_nn_dilated.nii.gz,/scratch/09123/ofriend/moshi/pca_sl/results/moshiGO_250/moshiGO_250_run-5_pca12_varExpl.nii.gz
203,250,10-12yo,6,/scratch/09123/ofriend/moshi/pca_sl/results/moshiGO_250/moshiGO_250_run-6_pca12_varExpl_MNI_nn_dilated.nii.gz,/scratch/09123/ofriend/moshi/pca_sl/results/moshiGO_250/moshiGO_250_run-6_pca12_varExpl.nii.gz
204,310,10-12yo,1,/scratch/09123/ofriend/moshi/pca_sl/results/moshiGO_310/moshiGO_310_run-1_pca12_varExpl_MNI_nn_dilated.nii.gz,/scratch/09123/ofriend/moshi/pca_sl/results/moshiGO_310/moshiGO_310_run-1_pca12_varExpl.nii.gz
205,310,10-12yo,2,/scratch/09123/ofriend/moshi/pca_sl/results/moshiGO_310/moshiGO_310_run-2_pca12_varExpl_MNI_nn_dilated.nii.gz,/scratch/09123/ofriend/moshi/pca_sl/results/moshiGO_310/moshiGO_310_run-2_pca12_varExpl.nii.gz
206,310,10-12yo,3,/scratch/09123/ofriend/moshi/pca_sl/results/moshiGO_310/moshiGO_310_run-3_pca12_varExpl_MNI_nn_dilated.nii.gz,/scratch/09123/ofriend/moshi/pca_sl/results/moshiGO_310/moshiGO_310_run-3_pca12_varExpl.nii.gz
207,310,10-12yo,4,/scratch/09123/ofriend/moshi/pca_sl/results/moshiGO_310/moshiGO_310_run-4_pca12_varExpl_MNI_nn_dilated.nii.gz,/scratch/09123/ofriend/moshi/pca_sl/results/moshiGO_310/moshiGO_310_run-4_pca12_varExpl.nii.gz
208,310,10-12yo,5,/scratch/09123/ofriend/moshi/pca_sl/results/moshiGO_310/moshiGO_310_run-5_pca12_varExpl_MNI_nn_dilated.nii.gz,/scratch/09123/ofriend/moshi/pca_sl/results/moshiGO_310/moshiGO_310_run-5_pca12_varExpl.nii.gz
209,310,10-12yo,6,/scratch/09123/ofriend/moshi/pca_sl/results/moshiGO_310/moshiGO_310_run-6_pca12_varExpl_MNI_nn_dilated.nii.gz,/scratch/09123/ofriend/moshi/pca_sl/results/moshiGO_310/moshiGO_310_run-6_pca12_varExpl.nii.gz
210,308,10-12yo,1,/scratch/09123/ofriend/moshi/pca_sl/results/moshiGO_308/moshiGO_308_run-1_pca12_varExpl_MNI_nn_dilated.nii.gz,/scratch/09123/ofriend/moshi/pca_sl/results/moshiGO_308/moshiGO_308_run-1_pca12_varExpl.nii.gz
211,308,10-12yo,2,/scratch/09123/ofriend/moshi/pca_sl/results/moshiGO_308/moshiGO_308_run-2_pca12_varExpl_MNI_nn_dilated.nii.gz,/scratch/09123/ofriend/moshi/pca_sl/results/moshiGO_308/moshiGO_308_run-2_pca12_varExpl.nii.gz
212,308,10-12yo,3,/scratch/09123/ofriend/moshi/pca_sl/results/moshiGO_308/moshiGO_308_run-3_pca12_varExpl_MNI_nn_dilated.nii.gz,/scratch/09123/ofriend/moshi/pca_sl/results/moshiGO_308/moshiGO_308_run-3_pca12_varExpl.nii.gz
213,308,10-12yo,4,/scratch/09123/ofriend/moshi/pca_sl/results/moshiGO_308/moshiGO_308_run-4_pca12_varExpl_MNI_nn_dilated.nii.gz,/scratch/09123/ofriend/moshi/pca_sl/results/moshiGO_308/moshiGO_308_run-4_pca12_varExpl.nii.gz
214,308,10-12yo,5,/scratch/09123/ofriend/moshi/pca_sl/results/moshiGO_308/moshiGO_308_run-5_pca12_varExpl_MNI_nn_dilated.nii.gz,/scratch/09123/ofriend/moshi/pca_sl/results/moshiGO_308/moshiGO_308_run-5_pca12_varExpl.nii.gz
215,308,10-12yo,6,/scratch/09123/ofriend/moshi/pca_sl/results/moshiGO_308/moshiGO_308_run-6_pca12_varExpl_MNI_nn_dilated.nii.gz,/scratch/09123/ofriend/moshi/pca_sl/results/moshiGO_308/moshiGO_308_run-6_pca12_varExpl.nii.gz
216,331,10-12yo,1,/scratch/09123/ofriend/moshi/pca_sl/results/moshiGO_331/moshiGO_331_run-1_pca12_varExpl_MNI_nn_dilated.nii.gz,/scratch/09123/ofriend/moshi/pca_sl/results/moshiGO_331/moshiGO_331_run-1_pca12_varExpl.nii.gz
217,331,10-12yo,2,/scratch/09123/ofriend/moshi/pca_sl/results/moshiGO_331/moshiGO_331_run-2_pca12_varExpl_MNI_nn_dilated.nii.gz,/scratch/09123/ofriend/moshi/pca_sl/results/moshiGO_331/moshiGO_331_run-2_pca12_varExpl.nii.gz
218,331,10-12yo,3,/scratch/09123/ofriend/moshi/pca_sl/results/moshiGO_331/moshiGO_331_run-3_pca12_varExpl_MNI_nn_dilated.nii.gz,/scratch/09123/ofriend/moshi/pca_sl/results/moshiGO_331/moshiGO_331_run-3_pca12_varExpl.nii.gz
219,331,10-12yo,4,/scratch/09123/ofriend/moshi/pca_sl/results/moshiGO_331/moshiGO_331_run-4_pca12_varExpl_MNI_nn_dilated.nii.gz,/scratch/09123/ofriend/moshi/pca_sl/results/moshiGO_331/moshiGO_331_run-4_pca12_varExpl.nii.gz
220,331,10-12yo,5,/scratch/09123/ofriend/moshi/pca_sl/results/moshiGO_331/moshiGO_331_run-5_pca12_varExpl_MNI_nn_dilated.nii.gz,/scratch/09123/ofriend/moshi/pca_sl/results/moshiGO_331/moshiGO_331_run-5_pca12_varExpl.nii.gz
221,331,10-12yo,6,/scratch/09123/ofriend/moshi/pca_sl/results/moshiGO_331/moshiGO_331_run-6_pca12_varExpl_MNI_nn_dilated.nii.gz,/scratch/09123/ofriend/moshi/pca_sl/results/moshiGO_331/moshiGO_331_run-6_pca12_varExpl.nii.gz
222,339,10-12yo,1,/scratch/09123/ofriend/moshi/pca_sl/results/moshiGO_339/moshiGO_339_run-1_pca12_varExpl_MNI_nn_dilated.nii.gz,/scratch/09123/ofriend/moshi/pca_sl/results/moshiGO_339/moshiGO_339_run-1_pca12_varExpl.nii.gz
223,339,10-12yo,2,/scratch/09123/ofriend/moshi/pca_sl/results/moshiGO_339/moshiGO_339_run-2_pca12_varExpl_MNI_nn_dilated.nii.gz,/scratch/09123/ofriend/moshi/pca_sl/results/moshiGO_339/moshiGO_339_run-2_pca12_varExpl.nii.gz
224,339,10-12yo,3,/scratch/09123/ofriend/moshi/pca_sl/results/moshiGO_339/moshiGO_339_run-3_pca12_varExpl_MNI_nn_dilated.nii.gz,/scratch/09123/ofriend/moshi/pca_sl/results/moshiGO_339/moshiGO_339_run-3_pca12_varExpl.nii.gz
225,339,10-12yo,4,/scratch/09123/ofriend/moshi/pca_sl/results/moshiGO_339/moshiGO_339_run-4_pca12_varExpl_MNI_nn_dilated.nii.gz,/scratch/09123/ofriend/moshi/pca_sl/results/moshiGO_339/moshiGO_339_run-4_pca12_varExpl.nii.gz
226,339,10-12yo,5,/scratch/09123/ofriend/moshi/pca_sl/results/moshiGO_339/moshiGO_339_run-5_pca12_varExpl_MNI_nn_dilated.nii.gz,/scratch/09123/ofriend/moshi/pca_sl/results/moshiGO_339/moshiGO_339_run-5_pca12_varExpl.nii.gz
227,339,10-12yo,6,/scratch/09123/ofriend/moshi/pca_sl/results/moshiGO_339/moshiGO_339_run-6_pca12_varExpl_MNI_nn_dilated.nii.gz,/scratch/09123/ofriend/moshi/pca_sl/results/moshiGO_339/moshiGO_339_run-6_pca12_varExpl.nii.gz
228,320,10-12yo,1,/scratch/09123/ofriend/moshi/pca_sl/results/moshiGO_320/moshiGO_320_run-1_pca12_varExpl_MNI_nn_dilated.nii.gz,/scratch/09123/ofriend/moshi/pca_sl/results/moshiGO_320/moshiGO_320_run-1_pca12_varExpl.nii.gz
229,320,10-12yo,2,/scratch/09123/ofriend/moshi/pca_sl/results/moshiGO_320/moshiGO_320_run-2_pca12_varExpl_MNI_nn_dilated.nii.gz,/scratch/09123/ofriend/moshi/pca_sl/results/moshiGO_320/moshiGO_320_run-2_pca12_varExpl.nii.gz
230,320,10-12yo,3,/scratch/09123/ofriend/moshi/pca_sl/results/moshiGO_320/moshiGO_320_run-3_pca12_varExpl_MNI_nn_dilated.nii.gz,/scratch/09123/ofriend/moshi/pca_sl/results/moshiGO_320/moshiGO_320_run-3_pca12_varExpl.nii.gz
231,320,10-12yo,4,/scratch/09123/ofriend/moshi/pca_sl/results/moshiGO_320/moshiGO_320_run-4_pca12_varExpl_MNI_nn_dilated.nii.gz,/scratch/09123/ofriend/moshi/pca_sl/results/moshiGO_320/moshiGO_320_run-4_pca12_varExpl.nii.gz
232,320,10-12yo,5,/scratch/09123/ofriend/moshi/pca_sl/results/moshiGO_320/moshiGO_320_run-5_pca12_varExpl_MNI_nn_dilated.nii.gz,/scratch/09123/ofriend/moshi/pca_sl/results/moshiGO_320/moshiGO_320_run-5_pca12_varExpl.nii.gz
233,320,10-12yo,6,/scratch/09123/ofriend/moshi/pca_sl/results/moshiGO_320/moshiGO_320_run-6_pca12_varExpl_MNI_nn_dilated.nii.gz,/scratch/09123/ofriend/moshi/pca_sl/results/moshiGO_320/moshiGO_320_run-6_pca12_varExpl.nii.gz
234,246,10-12yo,1,/scratch/09123/ofriend/moshi/pca_sl/results/moshiGO_246/moshiGO_246_run-1_pca12_varExpl_MNI_nn_dilated.nii.gz,/scratch/09123/ofriend/moshi/pca_sl/results/moshiGO_246/moshiGO_246_run-1_pca12_varExpl.nii.gz
235,246,10-12yo,2,/scratch/09123/ofriend/moshi/pca_sl/results/moshiGO_246/moshiGO_246_run-2_pca12_varExpl_MNI_nn_dilated.nii.gz,/scratch/09123/ofriend/moshi/pca_sl/results/moshiGO_246/moshiGO_246_run-2_pca12_varExpl.nii.gz
236,246,10-12yo,3,/scratch/09123/ofriend/moshi/pca_sl/results/moshiGO_246/moshiGO_246_run-3_pca12_varExpl_MNI_nn_dilated.nii.gz,/scratch/09123/ofriend/moshi/pca_sl/results/moshiGO_246/moshiGO_246_run-3_pca12_varExpl.nii.gz
237,246,10-12yo,4,/scratch/09123/ofriend/moshi/pca_sl/results/moshiGO_246/moshiGO_246_run-4_pca12_varExpl_MNI_nn_dilated.nii.gz,/scratch/09123/ofriend/moshi/pca_sl/results/moshiGO_246/moshiGO_246_run-4_pca12_varExpl.nii.gz
238,246,10-12yo,5,/scratch/09123/ofriend/moshi/pca_sl/results/moshiGO_246/moshiGO_246_run-5_pca12_varExpl_MNI_nn_dilated.nii.gz,/scratch/09123/ofriend/moshi/pca_sl/results/moshiGO_246/moshiGO_246_run-5_pca12_varExpl.nii.gz
239,246,10-12yo,6,/scratch/09123/ofriend/moshi/pca_sl/results/moshiGO_246/moshiGO_246_run-6_pca12_varExpl_MNI_nn_dilated.nii.gz,/scratch/09123/ofriend/moshi/pca_sl/results/moshiGO_246/moshiGO_246_run-6_pca12_varExpl.nii.gz
240,208,10-12yo,1,/scratch/09123/ofriend/moshi/pca_sl/results/moshiGO_208/moshiGO_208_run-1_pca12_varExpl_MNI_nn_dilated.nii.gz,/scratch/09123/ofriend/moshi/pca_sl/results/moshiGO_208/moshiGO_208_run-1_pca12_varExpl.nii.gz
241,208,10-12yo,2,/scratch/09123/ofriend/moshi/pca_sl/results/moshiGO_208/moshiGO_208_run-2_pca12_varExpl_MNI_nn_dilated.nii.gz,/scratch/09123/ofriend/moshi/pca_sl/results/moshiGO_208/moshiGO_208_run-2_pca12_varExpl.nii.gz
242,208,10-12yo,3,/scratch/09123/ofriend/moshi/pca_sl/results/moshiGO_208/moshiGO_208_run-3_pca12_varExpl_MNI_nn_dilated.nii.gz,/scratch/09123/ofriend/moshi/pca_sl/results/moshiGO_208/moshiGO_208_run-3_pca12_varExpl.nii.gz
243,208,10-12yo,4,/scratch/09123/ofriend/moshi/pca_sl/results/moshiGO_208/moshiGO_208_run-4_pca12_varExpl_MNI_nn_dilated.nii.gz,/scratch/09123/ofriend/moshi/pca_sl/results/moshiGO_208/moshiGO_208_run-4_pca12_varExpl.nii.gz
244,208,10-12yo,5,/scratch/09123/ofriend/moshi/pca_sl/results/moshiGO_208/moshiGO_208_run-5_pca12_varExpl_MNI_nn_dilated.nii.gz,/scratch/09123/ofriend/moshi/pca_sl/results/moshiGO_208/moshiGO_208_run-5_pca12_varExpl.nii.gz
245,208,10-12yo,6,/scratch/09123/ofriend/moshi/pca_sl/results/moshiGO_208/moshiGO_208_run-6_pca12_varExpl_MNI_nn_dilated.nii.gz,/scratch/09123/ofriend/moshi/pca_sl/results/moshiGO_208/moshiGO_208_run-6_pca12_varExpl.nii.gz
246,249,10-12yo,1,/scratch/09123/ofriend/moshi/pca_sl/results/moshiGO_249/moshiGO_249_run-1_pca12_varExpl_MNI_nn_dilated.nii.gz,/scratch/09123/ofriend/moshi/pca_sl/results/moshiGO_249/moshiGO_249_run-1_pca12_varExpl.nii.gz
247,249,10-12yo,2,/scratch/09123/ofriend/moshi/pca_sl/results/moshiGO_249/moshiGO_249_run-2_pca12_varExpl_MNI_nn_dilated.nii.gz,/scratch/09123/ofriend/moshi/pca_sl/results/moshiGO_249/moshiGO_249_run-2_pca12_varExpl.nii.gz
248,249,10-12yo,3,/scratch/09123/ofriend/moshi/pca_sl/results/moshiGO_249/moshiGO_249_run-3_pca12_varExpl_MNI_nn_dilated.nii.gz,/scratch/09123/ofriend/moshi/pca_sl/results/moshiGO_249/moshiGO_249_run-3_pca12_varExpl.nii.gz
249,249,10-12yo,4,/scratch/09123/ofriend/moshi/pca_sl/results/moshiGO_249/moshiGO_249_run-4_pca12_varExpl_MNI_nn_dilated.nii.gz,/scratch/09123/ofriend/moshi/pca_sl/results/moshiGO_249/moshiGO_249_run-4_pca12_varExpl.nii.gz
250,249,10-12yo,5,/scratch/09123/ofriend/moshi/pca_sl/results/moshiGO_249/moshiGO_249_run-5_pca12_varExpl_MNI_nn_dilated.nii.gz,/scratch/09123/ofriend/moshi/pca_sl/results/moshiGO_249/moshiGO_249_run-5_pca12_varExpl.nii.gz
251,249,10-12yo,6,/scratch/09123/ofriend/moshi/pca_sl/results/moshiGO_249/moshiGO_249_run-6_pca12_varExpl_MNI_nn_dilated.nii.gz,/scratch/09123/ofriend/moshi/pca_sl/results/moshiGO_249/moshiGO_249_run-6_pca12_varExpl.nii.gz
252,313,10-12yo,1,/scratch/09123/ofriend/moshi/pca_sl/results/moshiGO_313/moshiGO_313_run-1_pca12_varExpl_MNI_nn_dilated.nii.gz,/scratch/09123/ofriend/moshi/pca_sl/results/moshiGO_313/moshiGO_313_run-1_pca12_varExpl.nii.gz
253,313,10-12yo,2,/scratch/09123/ofriend/moshi/pca_sl/results/moshiGO_313/moshiGO_313_run-2_pca12_varExpl_MNI_nn_dilated.nii.gz,/scratch/09123/ofriend/moshi/pca_sl/results/moshiGO_313/moshiGO_313_run-2_pca12_varExpl.nii.gz
254,313,10-12yo,3,/scratch/09123/ofriend/moshi/pca_sl/results/moshiGO_313/moshiGO_313_run-3_pca12_varExpl_MNI_nn_dilated.nii.gz,/scratch/09123/ofriend/moshi/pca_sl/results/moshiGO_313/moshiGO_313_run-3_pca12_varExpl.nii.gz
255,313,10-12yo,4,/scratch/09123/ofriend/moshi/pca_sl/results/moshiGO_313/moshiGO_313_run-4_pca12_varExpl_MNI_nn_dilated.nii.gz,/scratch/09123/ofriend/moshi/pca_sl/results/moshiGO_313/moshiGO_313_run-4_pca12_varExpl.nii.gz
256,313,10-12yo,5,/scratch/09123/ofriend/moshi/pca_sl/results/moshiGO_313/moshiGO_313_run-5_pca12_varExpl_MNI_nn_dilated.nii.gz,/scratch/09123/ofriend/moshi/pca_sl/results/moshiGO_313/moshiGO_313_run-5_pca12_varExpl.nii.gz
257,313,10-12yo,6,/scratch/09123/ofriend/moshi/pca_sl/results/moshiGO_313/moshiGO_313_run-6_pca12_varExpl_MNI_nn_dilated.nii.gz,/scratch/09123/ofriend/moshi/pca_sl/results/moshiGO_313/moshiGO_313_run-6_pca12_varExpl.nii.gz
258,315,10-12yo,1,/scratch/09123/ofriend/moshi/pca_sl/results/moshiGO_315/moshiGO_315_run-1_pca12_varExpl_MNI_nn_dilated.nii.gz,/scratch/09123/ofriend/moshi/pca_sl/results/moshiGO_315/moshiGO_315_run-1_pca12_varExpl.nii.gz
259,315,10-12yo,2,/scratch/09123/ofriend/moshi/pca_sl/results/moshiGO_315/moshiGO_315_run-2_pca12_varExpl_MNI_nn_dilated.nii.gz,/scratch/09123/ofriend/moshi/pca_sl/results/moshiGO_315/moshiGO_315_run-2_pca12_varExpl.nii.gz
260,315,10-12yo,3,/scratch/09123/ofriend/moshi/pca_sl/results/moshiGO_315/moshiGO_315_run-3_pca12_varExpl_MNI_nn_dilated.nii.gz,/scratch/09123/ofriend/moshi/pca_sl/results/moshiGO_315/moshiGO_315_run-3_pca12_varExpl.nii.gz
261,315,10-12yo,4,/scratch/09123/ofriend/moshi/pca_sl/results/moshiGO_315/moshiGO_315_run-4_pca12_varExpl_MNI_nn_dilated.nii.gz,/scratch/09123/ofriend/moshi/pca_sl/results/moshiGO_315/moshiGO_315_run-4_pca12_varExpl.nii.gz
262,315,10-12yo,5,/scratch/09123/ofriend/moshi/pca_sl/results/moshiGO_315/moshiGO_315_run-5_pca12_varExpl_MNI_nn_dilated.nii.gz,/scratch/09123/ofriend/moshi/pca_sl/results/moshiGO_315/moshiGO_315_run-5_pca12_varExpl.nii.gz
263,315,10-12yo,6,/scratch/09123/ofriend/moshi/pca_sl/results/moshiGO_315/moshiGO_315_run-6_pca12_varExpl_MNI_nn_dilated.nii.gz,/scratch/09123/ofriend/moshi/pca_sl/results/moshiGO_315/moshiGO_315_run-6_pca12_varExpl.nii.gz
264,333,10-12yo,1,/scratch/09123/ofriend/moshi/pca_sl/results/moshiGO_333/moshiGO_333_run-1_pca12_varExpl_MNI_nn_dilated.nii.gz,/scratch/09123/ofriend/moshi/pca_sl/results/moshiGO_333/moshiGO_333_run-1_pca12_varExpl.nii.gz
265,333,10-12yo,2,/scratch/09123/ofriend/moshi/pca_sl/results/moshiGO_333/moshiGO_333_run-2_pca12_varExpl_MNI_nn_dilated.nii.gz,/scratch/09123/ofriend/moshi/pca_sl/results/moshiGO_333/moshiGO_333_run-2_pca12_varExpl.nii.gz
266,333,10-12yo,3,/scratch/09123/ofriend/moshi/pca_sl/results/moshiGO_333/moshiGO_333_run-3_pca12_varExpl_MNI_nn_dilated.nii.gz,/scratch/09123/ofriend/moshi/pca_sl/results/moshiGO_333/moshiGO_333_run-3_pca12_varExpl.nii.gz
267,333,10-12yo,4,/scratch/09123/ofriend/moshi/pca_sl/results/moshiGO_333/moshiGO_333_run-4_pca12_varExpl_MNI_nn_dilated.nii.gz,/scratch/09123/ofriend/moshi/pca_sl/results/moshiGO_333/moshiGO_333_run-4_pca12_varExpl.nii.gz
268,333,10-12yo,5,/scratch/09123/ofriend/moshi/pca_sl/results/moshiGO_333/moshiGO_333_run-5_pca12_varExpl_MNI_nn_dilated.nii.gz,/scratch/09123/ofriend/moshi/pca_sl/results/moshiGO_333/moshiGO_333_run-5_pca12_varExpl.nii.gz
269,333,10-12yo,6,/scratch/09123/ofriend/moshi/pca_sl/results/moshiGO_333/moshiGO_333_run-6_pca12_varExpl_MNI_nn_dilated.nii.gz,/scratch/09123/ofriend/moshi/pca_sl/results/moshiGO_333/moshiGO_333_run-6_pca12_varExpl.nii.gz
270,201,Adults,1,/scratch/09123/ofriend/moshi/pca_sl/results/moshiGO_201/moshiGO_201_run-1_pca12_varExpl_MNI_nn_dilated.nii.gz,/scratch/09123/ofriend/moshi/pca_sl/results/moshiGO_201/moshiGO_201_run-1_pca12_varExpl.nii.gz
271,201,Adults,2,/scratch/09123/ofriend/moshi/pca_sl/results/moshiGO_201/moshiGO_201_run-2_pca12_varExpl_MNI_nn_dilated.nii.gz,/scratch/09123/ofriend/moshi/pca_sl/results/moshiGO_201/moshiGO_201_run-2_pca12_varExpl.nii.gz
272,201,Adults,3,/scratch/09123/ofriend/moshi/pca_sl/results/moshiGO_201/moshiGO_201_run-3_pca12_varExpl_MNI_nn_dilated.nii.gz,/scratch/09123/ofriend/moshi/pca_sl/results/moshiGO_201/moshiGO_201_run-3_pca12_varExpl.nii.gz
273,201,Adults,4,/scratch/09123/ofriend/moshi/pca_sl/results/moshiGO_201/moshiGO_201_run-4_pca12_varExpl_MNI_nn_dilated.nii.gz,/scratch/09123/ofriend/moshi/pca_sl/results/moshiGO_201/moshiGO_201_run-4_pca12_varExpl.nii.gz
274,201,Adults,5,/scratch/09123/ofriend/moshi/pca_sl/results/moshiGO_201/moshiGO_201_run-5_pca12_varExpl_MNI_nn_dilated.nii.gz,/scratch/09123/ofriend/moshi/pca_sl/results/moshiGO_201/moshiGO_201_run-5_pca12_varExpl.nii.gz
275,201,Adults,6,/scratch/09123/ofriend/moshi/pca_sl/results/moshiGO_201/moshiGO_201_run-6_pca12_varExpl_MNI_nn_dilated.nii.gz,/scratch/09123/ofriend/moshi/pca_sl/results/moshiGO_201/moshiGO_201_run-6_pca12_varExpl.nii.gz
276,266,Adults,1,/scratch/09123/ofriend/moshi/pca_sl/results/moshiGO_266/moshiGO_266_run-1_pca12_varExpl_MNI_nn_dilated.nii.gz,/scratch/09123/ofriend/moshi/pca_sl/results/moshiGO_266/moshiGO_266_run-1_pca12_varExpl.nii.gz
277,266,Adults,2,/scratch/09123/ofriend/moshi/pca_sl/results/moshiGO_266/moshiGO_266_run-2_pca12_varExpl_MNI_nn_dilated.nii.gz,/scratch/09123/ofriend/moshi/pca_sl/results/moshiGO_266/moshiGO_266_run-2_pca12_varExpl.nii.gz
278,266,Adults,3,/scratch/09123/ofriend/moshi/pca_sl/results/moshiGO_266/moshiGO_266_run-3_pca12_varExpl_MNI_nn_dilated.nii.gz,/scratch/09123/ofriend/moshi/pca_sl/results/moshiGO_266/moshiGO_266_run-3_pca12_varExpl.nii.gz
279,266,Adults,4,/scratch/09123/ofriend/moshi/pca_sl/results/moshiGO_266/moshiGO_266_run-4_pca12_varExpl_MNI_nn_dilated.nii.gz,/scratch/09123/ofriend/moshi/pca_sl/results/moshiGO_266/moshiGO_266_run-4_pca12_varExpl.nii.gz
280,266,Adults,5,/scratch/09123/ofriend/moshi/pca_sl/results/moshiGO_266/moshiGO_266_run-5_pca12_varExpl_MNI_nn_dilated.nii.gz,/scratch/09123/ofriend/moshi/pca_sl/results/moshiGO_266/moshiGO_266_run-5_pca12_varExpl.nii.gz
281,266,Adults,6,/scratch/09123/ofriend/moshi/pca_sl/results/moshiGO_266/moshiGO_266_run-6_pca12_varExpl_MNI_nn_dilated.nii.gz,/scratch/09123/ofriend/moshi/pca_sl/results/moshiGO_266/moshiGO_266_run-6_pca12_varExpl.nii.gz
282,238,Adults,1,/scratch/09123/ofriend/moshi/pca_sl/results/moshiGO_238/moshiGO_238_run-1_pca12_varExpl_MNI_nn_dilated.nii.gz,/scratch/09123/ofriend/moshi/pca_sl/results/moshiGO_238/moshiGO_238_run-1_pca12_varExpl.nii.gz
283,238,Adults,2,/scratch/09123/ofriend/moshi/pca_sl/results/moshiGO_238/moshiGO_238_run-2_pca12_varExpl_MNI_nn_dilated.nii.gz,/scratch/09123/ofriend/moshi/pca_sl/results/moshiGO_238/moshiGO_238_run-2_pca12_varExpl.nii.gz
284,238,Adults,3,/scratch/09123/ofriend/moshi/pca_sl/results/moshiGO_238/moshiGO_238_run-3_pca12_varExpl_MNI_nn_dilated.nii.gz,/scratch/09123/ofriend/moshi/pca_sl/results/moshiGO_238/moshiGO_238_run-3_pca12_varExpl.nii.gz
285,238,Adults,4,/scratch/09123/ofriend/moshi/pca_sl/results/moshiGO_238/moshiGO_238_run-4_pca12_varExpl_MNI_nn_dilated.nii.gz,/scratch/09123/ofriend/moshi/pca_sl/results/moshiGO_238/moshiGO_238_run-4_pca12_varExpl.nii.gz
286,238,Adults,5,/scratch/09123/ofriend/moshi/pca_sl/results/moshiGO_238/moshiGO_238_run-5_pca12_varExpl_MNI_nn_dilated.nii.gz,/scratch/09123/ofriend/moshi/pca_sl/results/moshiGO_238/moshiGO_238_run-5_pca12_varExpl.nii.gz
287,238,Adults,6,/scratch/09123/ofriend/moshi/pca_sl/results/moshiGO_238/moshiGO_238_run-6_pca12_varExpl_MNI_nn_dilated.nii.gz,/scratch/09123/ofriend/moshi/pca_sl/results/moshiGO_238/moshiGO_238_run-6_pca12_varExpl.nii.gz
288,258,Adults,1,/scratch/09123/ofriend/moshi/pca_sl/results/moshiGO_258/moshiGO_258_run-1_pca12_varExpl_MNI_nn_dilated.nii.gz,/scratch/09123/ofriend/moshi/pca_sl/results/moshiGO_258/moshiGO_258_run-1_pca12_varExpl.nii.gz
289,258,Adults,2,/scratch/09123/ofriend/moshi/pca_sl/results/moshiGO_258/moshiGO_258_run-2_pca12_varExpl_MNI_nn_dilated.nii.gz,/scratch/09123/ofriend/moshi/pca_sl/results/moshiGO_258/moshiGO_258_run-2_pca12_varExpl.nii.gz
290,258,Adults,3,/scratch/09123/ofriend/moshi/pca_sl/results/moshiGO_258/moshiGO_258_run-3_pca12_varExpl_MNI_nn_dilated.nii.gz,/scratch/09123/ofriend/moshi/pca_sl/results/moshiGO_258/moshiGO_258_run-3_pca12_varExpl.nii.gz
291,258,Adults,4,/scratch/09123/ofriend/moshi/pca_sl/results/moshiGO_258/moshiGO_258_run-4_pca12_varExpl_MNI_nn_dilated.nii.gz,/scratch/09123/ofriend/moshi/pca_sl/results/moshiGO_258/moshiGO_258_run-4_pca12_varExpl.nii.gz
292,258,Adults,5,/scratch/09123/ofriend/moshi/pca_sl/results/moshiGO_258/moshiGO_258_run-5_pca12_varExpl_MNI_nn_dilated.nii.gz,/scratch/09123/ofriend/moshi/pca_sl/results/moshiGO_258/moshiGO_258_run-5_pca12_varExpl.nii.gz
293,258,Adults,6,/scratch/09123/ofriend/moshi/pca_sl/results/moshiGO_258/moshiGO_258_run-6_pca12_varExpl_MNI_nn_dilated.nii.gz,/scratch/09123/ofriend/moshi/pca_sl/results/moshiGO_258/moshiGO_258_run-6_pca12_varExpl.nii.gz
294,231,Adults,1,/scratch/09123/ofriend/moshi/pca_sl/results/moshiGO_231/moshiGO_231_run-1_pca12_varExpl_MNI_nn_dilated.nii.gz,/scratch/09123/ofriend/moshi/pca_sl/results/moshiGO_231/moshiGO_231_run-1_pca12_varExpl.nii.gz
295,231,Adults,2,/scratch/09123/ofriend/moshi/pca_sl/results/moshiGO_231/moshiGO_231_run-2_pca12_varExpl_MNI_nn_dilated.nii.gz,/scratch/09123/ofriend/moshi/pca_sl/results/moshiGO_231/moshiGO_231_run-2_pca12_varExpl.nii.gz
296,231,Adults,3,/scratch/09123/ofriend/moshi/pca_sl/results/moshiGO_231/moshiGO_231_run-3_pca12_varExpl_MNI_nn_dilated.nii.gz,/scratch/09123/ofriend/moshi/pca_sl/results/moshiGO_231/moshiGO_231_run-3_pca12_varExpl.nii.gz
297,231,Adults,4,/scratch/09123/ofriend/moshi/pca_sl/results/moshiGO_231/moshiGO_231_run-4_pca12_varExpl_MNI_nn_dilated.nii.gz,/scratch/09123/ofriend/moshi/pca_sl/results/moshiGO_231/moshiGO_231_run-4_pca12_varExpl.nii.gz
298,231,Adults,5,/scratch/09123/ofriend/moshi/pca_sl/results/moshiGO_231/moshiGO_231_run-5_pca12_varExpl_MNI_nn_dilated.nii.gz,/scratch/09123/ofriend/moshi/pca_sl/results/moshiGO_231/moshiGO_231_run-5_pca12_varExpl.nii.gz
299,231,Adults,6,/scratch/09123/ofriend/moshi/pca_sl/results/moshiGO_231/moshiGO_231_run-6_pca12_varExpl_MNI_nn_dilated.nii.gz,/scratch/09123/ofriend/moshi/pca_sl/results/moshiGO_231/moshiGO_231_run-6_pca12_varExpl.nii.gz
300,304,Adults,1,/scratch/09123/ofriend/moshi/pca_sl/results/moshiGO_304/moshiGO_304_run-1_pca12_varExpl_MNI_nn_dilated.nii.gz,/scratch/09123/ofriend/moshi/pca_sl/results/moshiGO_304/moshiGO_304_run-1_pca12_varExpl.nii.gz
301,304,Adults,2,/scratch/09123/ofriend/moshi/pca_sl/results/moshiGO_304/moshiGO_304_run-2_pca12_varExpl_MNI_nn_dilated.nii.gz,/scratch/09123/ofriend/moshi/pca_sl/results/moshiGO_304/moshiGO_304_run-2_pca12_varExpl.nii.gz
302,304,Adults,3,/scratch/09123/ofriend/moshi/pca_sl/results/moshiGO_304/moshiGO_304_run-3_pca12_varExpl_MNI_nn_dilated.nii.gz,/scratch/09123/ofriend/moshi/pca_sl/results/moshiGO_304/moshiGO_304_run-3_pca12_varExpl.nii.gz
303,304,Adults,4,/scratch/09123/ofriend/moshi/pca_sl/results/moshiGO_304/moshiGO_304_run-4_pca12_varExpl_MNI_nn_dilated.nii.gz,/scratch/09123/ofriend/moshi/pca_sl/results/moshiGO_304/moshiGO_304_run-4_pca12_varExpl.nii.gz
304,304,Adults,5,/scratch/09123/ofriend/moshi/pca_sl/results/moshiGO_304/moshiGO_304_run-5_pca12_varExpl_MNI_nn_dilated.nii.gz,/scratch/09123/ofriend/moshi/pca_sl/results/moshiGO_304/moshiGO_304_run-5_pca12_varExpl.nii.gz
305,304,Adults,6,/scratch/09123/ofriend/moshi/pca_sl/results/moshiGO_304/moshiGO_304_run-6_pca12_varExpl_MNI_nn_dilated.nii.gz,/scratch/09123/ofriend/moshi/pca_sl/results/moshiGO_304/moshiGO_304_run-6_pca12_varExpl.nii.gz
306,259,Adults,1,/scratch/09123/ofriend/moshi/pca_sl/results/moshiGO_259/moshiGO_259_run-1_pca12_varExpl_MNI_nn_dilated.nii.gz,/scratch/09123/ofriend/moshi/pca_sl/results/moshiGO_259/moshiGO_259_run-1_pca12_varExpl.nii.gz
307,259,Adults,2,/scratch/09123/ofriend/moshi/pca_sl/results/moshiGO_259/moshiGO_259_run-2_pca12_varExpl_MNI_nn_dilated.nii.gz,/scratch/09123/ofriend/moshi/pca_sl/results/moshiGO_259/moshiGO_259_run-2_pca12_varExpl.nii.gz
308,259,Adults,3,/scratch/09123/ofriend/moshi/pca_sl/results/moshiGO_259/moshiGO_259_run-3_pca12_varExpl_MNI_nn_dilated.nii.gz,/scratch/09123/ofriend/moshi/pca_sl/results/moshiGO_259/moshiGO_259_run-3_pca12_varExpl.nii.gz
309,259,Adults,4,/scratch/09123/ofriend/moshi/pca_sl/results/moshiGO_259/moshiGO_259_run-4_pca12_varExpl_MNI_nn_dilated.nii.gz,/scratch/09123/ofriend/moshi/pca_sl/results/moshiGO_259/moshiGO_259_run-4_pca12_varExpl.nii.gz
310,259,Adults,5,/scratch/09123/ofriend/moshi/pca_sl/results/moshiGO_259/moshiGO_259_run-5_pca12_varExpl_MNI_nn_dilated.nii.gz,/scratch/09123/ofriend/moshi/pca_sl/results/moshiGO_259/moshiGO_259_run-5_pca12_varExpl.nii.gz
311,259,Adults,6,/scratch/09123/ofriend/moshi/pca_sl/results/moshiGO_259/moshiGO_259_run-6_pca12_varExpl_MNI_nn_dilated.nii.gz,/scratch/09123/ofriend/moshi/pca_sl/results/moshiGO_259/moshiGO_259_run-6_pca12_varExpl.nii.gz
312,261,Adults,1,/scratch/09123/ofriend/moshi/pca_sl/results/moshiGO_261/moshiGO_261_run-1_pca12_varExpl_MNI_nn_dilated.nii.gz,/scratch/09123/ofriend/moshi/pca_sl/results/moshiGO_261/moshiGO_261_run-1_pca12_varExpl.nii.gz
313,261,Adults,2,/scratch/09123/ofriend/moshi/pca_sl/results/moshiGO_261/moshiGO_261_run-2_pca12_varExpl_MNI_nn_dilated.nii.gz,/scratch/09123/ofriend/moshi/pca_sl/results/moshiGO_261/moshiGO_261_run-2_pca12_varExpl.nii.gz
314,261,Adults,3,/scratch/09123/ofriend/moshi/pca_sl/results/moshiGO_261/moshiGO_261_run-3_pca12_varExpl_MNI_nn_dilated.nii.gz,/scratch/09123/ofriend/moshi/pca_sl/results/moshiGO_261/moshiGO_261_run-3_pca12_varExpl.nii.gz
315,261,Adults,4,/scratch/09123/ofriend/moshi/pca_sl/results/moshiGO_261/moshiGO_261_run-4_pca12_varExpl_MNI_nn_dilated.nii.gz,/scratch/09123/ofriend/moshi/pca_sl/results/moshiGO_261/moshiGO_261_run-4_pca12_varExpl.nii.gz
316,261,Adults,5,/scratch/09123/ofriend/moshi/pca_sl/results/moshiGO_261/moshiGO_261_run-5_pca12_varExpl_MNI_nn_dilated.nii.gz,/scratch/09123/ofriend/moshi/pca_sl/results/moshiGO_261/moshiGO_261_run-5_pca12_varExpl.nii.gz
317,261,Adults,6,/scratch/09123/ofriend/moshi/pca_sl/results/moshiGO_261/moshiGO_261_run-6_pca12_varExpl_MNI_nn_dilated.nii.gz,/scratch/09123/ofriend/moshi/pca_sl/results/moshiGO_261/moshiGO_261_run-6_pca12_varExpl.nii.gz
318,284,Adults,1,/scratch/09123/ofriend/moshi/pca_sl/results/moshiGO_284/moshiGO_284_run-1_pca12_varExpl_MNI_nn_dilated.nii.gz,/scratch/09123/ofriend/moshi/pca_sl/results/moshiGO_284/moshiGO_284_run-1_pca12_varExpl.nii.gz
319,284,Adults,2,/scratch/09123/ofriend/moshi/pca_sl/results/moshiGO_284/moshiGO_284_run-2_pca12_varExpl_MNI_nn_dilated.nii.gz,/scratch/09123/ofriend/moshi/pca_sl/results/moshiGO_284/moshiGO_284_run-2_pca12_varExpl.nii.gz
320,284,Adults,3,/scratch/09123/ofriend/moshi/pca_sl/results/moshiGO_284/moshiGO_284_run-3_pca12_varExpl_MNI_nn_dilated.nii.gz,/scratch/09123/ofriend/moshi/pca_sl/results/moshiGO_284/moshiGO_284_run-3_pca12_varExpl.nii.gz
321,284,Adults,4,/scratch/09123/ofriend/moshi/pca_sl/results/moshiGO_284/moshiGO_284_run-4_pca12_varExpl_MNI_nn_dilated.nii.gz,/scratch/09123/ofriend/moshi/pca_sl/results/moshiGO_284/moshiGO_284_run-4_pca12_varExpl.nii.gz
322,284,Adults,5,/scratch/09123/ofriend/moshi/pca_sl/results/moshiGO_284/moshiGO_284_run-5_pca12_varExpl_MNI_nn_dilated.nii.gz,/scratch/09123/ofriend/moshi/pca_sl/results/moshiGO_284/moshiGO_284_run-5_pca12_varExpl.nii.gz
323,284,Adults,6,/scratch/09123/ofriend/moshi/pca_sl/results/moshiGO_284/moshiGO_284_run-6_pca12_varExpl_MNI_nn_dilated.nii.gz,/scratch/09123/ofriend/moshi/pca_sl/results/moshiGO_284/moshiGO_284_run-6_pca12_varExpl.nii.gz
324,305,Adults,1,/scratch/09123/ofriend/moshi/pca_sl/results/moshiGO_305/moshiGO_305_run-1_pca12_varExpl_MNI_nn_dilated.nii.gz,/scratch/09123/ofriend/moshi/pca_sl/results/moshiGO_305/moshiGO_305_run-1_pca12_varExpl.nii.gz
325,305,Adults,2,/scratch/09123/ofriend/moshi/pca_sl/results/moshiGO_305/moshiGO_305_run-2_pca12_varExpl_MNI_nn_dilated.nii.gz,/scratch/09123/ofriend/moshi/pca_sl/results/moshiGO_305/moshiGO_305_run-2_pca12_varExpl.nii.gz
326,305,Adults,3,/scratch/09123/ofriend/moshi/pca_sl/results/moshiGO_305/moshiGO_305_run-3_pca12_varExpl_MNI_nn_dilated.nii.gz,/scratch/09123/ofriend/moshi/pca_sl/results/moshiGO_305/moshiGO_305_run-3_pca12_varExpl.nii.gz
327,305,Adults,4,/scratch/09123/ofriend/moshi/pca_sl/results/moshiGO_305/moshiGO_305_run-4_pca12_varExpl_MNI_nn_dilated.nii.gz,/scratch/09123/ofriend/moshi/pca_sl/results/moshiGO_305/moshiGO_305_run-4_pca12_varExpl.nii.gz
328,305,Adults,5,/scratch/09123/ofriend/moshi/pca_sl/results/moshiGO_305/moshiGO_305_run-5_pca12_varExpl_MNI_nn_dilated.nii.gz,/scratch/09123/ofriend/moshi/pca_sl/results/moshiGO_305/moshiGO_305_run-5_pca12_varExpl.nii.gz
329,305,Adults,6,/scratch/09123/ofriend/moshi/pca_sl/results/moshiGO_305/moshiGO_305_run-6_pca12_varExpl_MNI_nn_dilated.nii.gz,/scratch/09123/ofriend/moshi/pca_sl/results/moshiGO_305/moshiGO_305_run-6_pca12_varExpl.nii.gz
330,312,Adults,1,/scratch/09123/ofriend/moshi/pca_sl/results/moshiGO_312/moshiGO_312_run-1_pca12_varExpl_MNI_nn_dilated.nii.gz,/scratch/09123/ofriend/moshi/pca_sl/results/moshiGO_312/moshiGO_312_run-1_pca12_varExpl.nii.gz
331,312,Adults,2,/scratch/09123/ofriend/moshi/pca_sl/results/moshiGO_312/moshiGO_312_run-2_pca12_varExpl_MNI_nn_dilated.nii.gz,/scratch/09123/ofriend/moshi/pca_sl/results/moshiGO_312/moshiGO_312_run-2_pca12_varExpl.nii.gz
332,312,Adults,3,/scratch/09123/ofriend/moshi/pca_sl/results/moshiGO_312/moshiGO_312_run-3_pca12_varExpl_MNI_nn_dilated.nii.gz,/scratch/09123/ofriend/moshi/pca_sl/results/moshiGO_312/moshiGO_312_run-3_pca12_varExpl.nii.gz
333,312,Adults,4,/scratch/09123/ofriend/moshi/pca_sl/results/moshiGO_312/moshiGO_312_run-4_pca12_varExpl_MNI_nn_dilated.nii.gz,/scratch/09123/ofriend/moshi/pca_sl/results/moshiGO_312/moshiGO_312_run-4_pca12_varExpl.nii.gz
334,312,Adults,5,/scratch/09123/ofriend/moshi/pca_sl/results/moshiGO_312/moshiGO_312_run-5_pca12_varExpl_MNI_nn_dilated.nii.gz,/scratch/09123/ofriend/moshi/pca_sl/results/moshiGO_312/moshiGO_312_run-5_pca12_varExpl.nii.gz
335,312,Adults,6,/scratch/09123/ofriend/moshi/pca_sl/results/moshiGO_312/moshiGO_312_run-6_pca12_varExpl_MNI_nn_dilated.nii.gz,/scratch/09123/ofriend/moshi/pca_sl/results/moshiGO_312/moshiGO_312_run-6_pca12_varExpl.nii.gz
336,224,Adults,1,/scratch/09123/ofriend/moshi/pca_sl/results/moshiGO_224/moshiGO_224_run-1_pca12_varExpl_MNI_nn_dilated.nii.gz,/scratch/09123/ofriend/moshi/pca_sl/results/moshiGO_224/moshiGO_224_run-1_pca12_varExpl.nii.gz
337,224,Adults,2,/scratch/09123/ofriend/moshi/pca_sl/results/moshiGO_224/moshiGO_224_run-2_pca12_varExpl_MNI_nn_dilated.nii.gz,/scratch/09123/ofriend/moshi/pca_sl/results/moshiGO_224/moshiGO_224_run-2_pca12_varExpl.nii.gz
338,224,Adults,3,/scratch/09123/ofriend/moshi/pca_sl/results/moshiGO_224/moshiGO_224_run-3_pca12_varExpl_MNI_nn_dilated.nii.gz,/scratch/09123/ofriend/moshi/pca_sl/results/moshiGO_224/moshiGO_224_run-3_pca12_varExpl.nii.gz
339,224,Adults,4,/scratch/09123/ofriend/moshi/pca_sl/results/moshiGO_224/moshiGO_224_run-4_pca12_varExpl_MNI_nn_dilated.nii.gz,/scratch/09123/ofriend/moshi/pca_sl/results/moshiGO_224/moshiGO_224_run-4_pca12_varExpl.nii.gz
340,224,Adults,5,/scratch/09123/ofriend/moshi/pca_sl/results/moshiGO_224/moshiGO_224_run-5_pca12_varExpl_MNI_nn_dilated.nii.gz,/scratch/09123/ofriend/moshi/pca_sl/results/moshiGO_224/moshiGO_224_run-5_pca12_varExpl.nii.gz
341,224,Adults,6,/scratch/09123/ofriend/moshi/pca_sl/results/moshiGO_224/moshiGO_224_run-6_pca12_varExpl_MNI_nn_dilated.nii.gz,/scratch/09123/ofriend/moshi/pca_sl/results/moshiGO_224/moshiGO_224_run-6_pca12_varExpl.nii.gz
342,291,Adults,1,/scratch/09123/ofriend/moshi/pca_sl/results/moshiGO_291/moshiGO_291_run-1_pca12_varExpl_MNI_nn_dilated.nii.gz,/scratch/09123/ofriend/moshi/pca_sl/results/moshiGO_291/moshiGO_291_run-1_pca12_varExpl.nii.gz
343,291,Adults,2,/scratch/09123/ofriend/moshi/pca_sl/results/moshiGO_291/moshiGO_291_run-2_pca12_varExpl_MNI_nn_dilated.nii.gz,/scratch/09123/ofriend/moshi/pca_sl/results/moshiGO_291/moshiGO_291_run-2_pca12_varExpl.nii.gz
344,291,Adults,3,/scratch/09123/ofriend/moshi/pca_sl/results/moshiGO_291/moshiGO_291_run-3_pca12_varExpl_MNI_nn_dilated.nii.gz,/scratch/09123/ofriend/moshi/pca_sl/results/moshiGO_291/moshiGO_291_run-3_pca12_varExpl.nii.gz
345,291,Adults,4,/scratch/09123/ofriend/moshi/pca_sl/results/moshiGO_291/moshiGO_291_run-4_pca12_varExpl_MNI_nn_dilated.nii.gz,/scratch/09123/ofriend/moshi/pca_sl/results/moshiGO_291/moshiGO_291_run-4_pca12_varExpl.nii.gz
346,291,Adults,5,/scratch/09123/ofriend/moshi/pca_sl/results/moshiGO_291/moshiGO_291_run-5_pca12_varExpl_MNI_nn_dilated.nii.gz,/scratch/09123/ofriend/moshi/pca_sl/results/moshiGO_291/moshiGO_291_run-5_pca12_varExpl.nii.gz
347,291,Adults,6,/scratch/09123/ofriend/moshi/pca_sl/results/moshiGO_291/moshiGO_291_run-6_pca12_varExpl_MNI_nn_dilated.nii.gz,/scratch/09123/ofriend/moshi/pca_sl/results/moshiGO_291/moshiGO_291_run-6_pca12_varExpl.nii.gz
348,223,Adults,1,/scratch/09123/ofriend/moshi/pca_sl/results/moshiGO_223/moshiGO_223_run-1_pca12_varExpl_MNI_nn_dilated.nii.gz,/scratch/09123/ofriend/moshi/pca_sl/results/moshiGO_223/moshiGO_223_run-1_pca12_varExpl.nii.gz
349,223,Adults,2,/scratch/09123/ofriend/moshi/pca_sl/results/moshiGO_223/moshiGO_223_run-2_pca12_varExpl_MNI_nn_dilated.nii.gz,/scratch/09123/ofriend/moshi/pca_sl/results/moshiGO_223/moshiGO_223_run-2_pca12_varExpl.nii.gz
350,223,Adults,3,/scratch/09123/ofriend/moshi/pca_sl/results/moshiGO_223/moshiGO_223_run-3_pca12_varExpl_MNI_nn_dilated.nii.gz,/scratch/09123/ofriend/moshi/pca_sl/results/moshiGO_223/moshiGO_223_run-3_pca12_varExpl.nii.gz
351,223,Adults,4,/scratch/09123/ofriend/moshi/pca_sl/results/moshiGO_223/moshiGO_223_run-4_pca12_varExpl_MNI_nn_dilated.nii.gz,/scratch/09123/ofriend/moshi/pca_sl/results/moshiGO_223/moshiGO_223_run-4_pca12_varExpl.nii.gz
352,223,Adults,5,/scratch/09123/ofriend/moshi/pca_sl/results/moshiGO_223/moshiGO_223_run-5_pca12_varExpl_MNI_nn_dilated.nii.gz,/scratch/09123/ofriend/moshi/pca_sl/results/moshiGO_223/moshiGO_223_run-5_pca12_varExpl.nii.gz
353,223,Adults,6,/scratch/09123/ofriend/moshi/pca_sl/results/moshiGO_223/moshiGO_223_run-6_pca12_varExpl_MNI_nn_dilated.nii.gz,/scratch/09123/ofriend/moshi/pca_sl/results/moshiGO_223/moshiGO_223_run-6_pca12_varExpl.nii.gz
354,235,Adults,1,/scratch/09123/ofriend/moshi/pca_sl/results/moshiGO_235/moshiGO_235_run-1_pca12_varExpl_MNI_nn_dilated.nii.gz,/scratch/09123/ofriend/moshi/pca_sl/results/moshiGO_235/moshiGO_235_run-1_pca12_varExpl.nii.gz
355,235,Adults,2,/scratch/09123/ofriend/moshi/pca_sl/results/moshiGO_235/moshiGO_235_run-2_pca12_varExpl_MNI_nn_dilated.nii.gz,/scratch/09123/ofriend/moshi/pca_sl/results/moshiGO_235/moshiGO_235_run-2_pca12_varExpl.nii.gz
356,235,Adults,3,/scratch/09123/ofriend/moshi/pca_sl/results/moshiGO_235/moshiGO_235_run-3_pca12_varExpl_MNI_nn_dilated.nii.gz,/scratch/09123/ofriend/moshi/pca_sl/results/moshiGO_235/moshiGO_235_run-3_pca12_varExpl.nii.gz
357,235,Adults,4,/scratch/09123/ofriend/moshi/pca_sl/results/moshiGO_235/moshiGO_235_run-4_pca12_varExpl_MNI_nn_dilated.nii.gz,/scratch/09123/ofriend/moshi/pca_sl/results/moshiGO_235/moshiGO_235_run-4_pca12_varExpl.nii.gz
358,235,Adults,5,/scratch/09123/ofriend/moshi/pca_sl/results/moshiGO_235/moshiGO_235_run-5_pca12_varExpl_MNI_nn_dilated.nii.gz,/scratch/09123/ofriend/moshi/pca_sl/results/moshiGO_235/moshiGO_235_run-5_pca12_varExpl.nii.gz
359,235,Adults,6,/scratch/09123/ofriend/moshi/pca_sl/results/moshiGO_235/moshiGO_235_run-6_pca12_varExpl_MNI_nn_dilated.nii.gz,/scratch/09123/ofriend/moshi/pca_sl/results/moshiGO_235/moshiGO_235_run-6_pca12_varExpl.nii.gz
360,202,Adults,1,/scratch/09123/ofriend/moshi/pca_sl/results/moshiGO_202/moshiGO_202_run-1_pca12_varExpl_MNI_nn_dilated.nii.gz,/scratch/09123/ofriend/moshi/pca_sl/results/moshiGO_202/moshiGO_202_run-1_pca12_varExpl.nii.gz
361,202,Adults,2,/scratch/09123/ofriend/moshi/pca_sl/results/moshiGO_202/moshiGO_202_run-2_pca12_varExpl_MNI_nn_dilated.nii.gz,/scratch/09123/ofriend/moshi/pca_sl/results/moshiGO_202/moshiGO_202_run-2_pca12_varExpl.nii.gz
362,202,Adults,3,/scratch/09123/ofriend/moshi/pca_sl/results/moshiGO_202/moshiGO_202_run-3_pca12_varExpl_MNI_nn_dilated.nii.gz,/scratch/09123/ofriend/moshi/pca_sl/results/moshiGO_202/moshiGO_202_run-3_pca12_varExpl.nii.gz
363,202,Adults,4,/scratch/09123/ofriend/moshi/pca_sl/results/moshiGO_202/moshiGO_202_run-4_pca12_varExpl_MNI_nn_dilated.nii.gz,/scratch/09123/ofriend/moshi/pca_sl/results/moshiGO_202/moshiGO_202_run-4_pca12_varExpl.nii.gz
364,202,Adults,5,/scratch/09123/ofriend/moshi/pca_sl/results/moshiGO_202/moshiGO_202_run-5_pca12_varExpl_MNI_nn_dilated.nii.gz,/scratch/09123/ofriend/moshi/pca_sl/results/moshiGO_202/moshiGO_202_run-5_pca12_varExpl.nii.gz
365,202,Adults,6,/scratch/09123/ofriend/moshi/pca_sl/results/moshiGO_202/moshiGO_202_run-6_pca12_varExpl_MNI_nn_dilated.nii.gz,/scratch/09123/ofriend/moshi/pca_sl/results/moshiGO_202/moshiGO_202_run-6_pca12_varExpl.nii.gz
366,306,Adults,1,/scratch/09123/ofriend/moshi/pca_sl/results/moshiGO_306/moshiGO_306_run-1_pca12_varExpl_MNI_nn_dilated.nii.gz,/scratch/09123/ofriend/moshi/pca_sl/results/moshiGO_306/moshiGO_306_run-1_pca12_varExpl.nii.gz
367,306,Adults,2,/scratch/09123/ofriend/moshi/pca_sl/results/moshiGO_306/moshiGO_306_run-2_pca12_varExpl_MNI_nn_dilated.nii.gz,/scratch/09123/ofriend/moshi/pca_sl/results/moshiGO_306/moshiGO_306_run-2_pca12_varExpl.nii.gz
368,306,Adults,3,/scratch/09123/ofriend/moshi/pca_sl/results/moshiGO_306/moshiGO_306_run-3_pca12_varExpl_MNI_nn_dilated.nii.gz,/scratch/09123/ofriend/moshi/pca_sl/results/moshiGO_306/moshiGO_306_run-3_pca12_varExpl.nii.gz
369,306,Adults,4,/scratch/09123/ofriend/moshi/pca_sl/results/moshiGO_306/moshiGO_306_run-4_pca12_varExpl_MNI_nn_dilated.nii.gz,/scratch/09123/ofriend/moshi/pca_sl/results/moshiGO_306/moshiGO_306_run-4_pca12_varExpl.nii.gz
370,306,Adults,5,/scratch/09123/ofriend/moshi/pca_sl/results/moshiGO_306/moshiGO_306_run-5_pca12_varExpl_MNI_nn_dilated.nii.gz,/scratch/09123/ofriend/moshi/pca_sl/results/moshiGO_306/moshiGO_306_run-5_pca12_varExpl.nii.gz
371,306,Adults,6,/scratch/09123/ofriend/moshi/pca_sl/results/moshiGO_306/moshiGO_306_run-6_pca12_varExpl_MNI_nn_dilated.nii.gz,/scratch/09123/ofriend/moshi/pca_sl/results/moshiGO_306/moshiGO_306_run-6_pca12_varExpl.nii.gz
372,293,Adults,1,/scratch/09123/ofriend/moshi/pca_sl/results/moshiGO_293/moshiGO_293_run-1_pca12_varExpl_MNI_nn_dilated.nii.gz,/scratch/09123/ofriend/moshi/pca_sl/results/moshiGO_293/moshiGO_293_run-1_pca12_varExpl.nii.gz
373,293,Adults,2,/scratch/09123/ofriend/moshi/pca_sl/results/moshiGO_293/moshiGO_293_run-2_pca12_varExpl_MNI_nn_dilated.nii.gz,/scratch/09123/ofriend/moshi/pca_sl/results/moshiGO_293/moshiGO_293_run-2_pca12_varExpl.nii.gz
374,293,Adults,3,/scratch/09123/ofriend/moshi/pca_sl/results/moshiGO_293/moshiGO_293_run-3_pca12_varExpl_MNI_nn_dilated.nii.gz,/scratch/09123/ofriend/moshi/pca_sl/results/moshiGO_293/moshiGO_293_run-3_pca12_varExpl.nii.gz
375,293,Adults,4,/scratch/09123/ofriend/moshi/pca_sl/results/moshiGO_293/moshiGO_293_run-4_pca12_varExpl_MNI_nn_dilated.nii.gz,/scratch/09123/ofriend/moshi/pca_sl/results/moshiGO_293/moshiGO_293_run-4_pca12_varExpl.nii.gz
376,293,Adults,5,/scratch/09123/ofriend/moshi/pca_sl/results/moshiGO_293/moshiGO_293_run-5_pca12_varExpl_MNI_nn_dilated.nii.gz,/scratch/09123/ofriend/moshi/pca_sl/results/moshiGO_293/moshiGO_293_run-5_pca12_varExpl.nii.gz
377,293,Adults,6,/scratch/09123/ofriend/moshi/pca_sl/results/moshiGO_293/moshiGO_293_run-6_pca12_varExpl_MNI_nn_dilated.nii.gz,/scratch/09123/ofriend/moshi/pca_sl/results/moshiGO_293/moshiGO_293_run-6_pca12_varExpl.nii.gz
378,260,Adults,1,/scratch/09123/ofriend/moshi/pca_sl/results/moshiGO_260/moshiGO_260_run-1_pca12_varExpl_MNI_nn_dilated.nii.gz,/scratch/09123/ofriend/moshi/pca_sl/results/moshiGO_260/moshiGO_260_run-1_pca12_varExpl.nii.gz
379,260,Adults,2,/scratch/09123/ofriend/moshi/pca_sl/results/moshiGO_260/moshiGO_260_run-2_pca12_varExpl_MNI_nn_dilated.nii.gz,/scratch/09123/ofriend/moshi/pca_sl/results/moshiGO_260/moshiGO_260_run-2_pca12_varExpl.nii.gz
380,260,Adults,3,/scratch/09123/ofriend/moshi/pca_sl/results/moshiGO_260/moshiGO_260_run-3_pca12_varExpl_MNI_nn_dilated.nii.gz,/scratch/09123/ofriend/moshi/pca_sl/results/moshiGO_260/moshiGO_260_run-3_pca12_varExpl.nii.gz
381,260,Adults,4,/scratch/09123/ofriend/moshi/pca_sl/results/moshiGO_260/moshiGO_260_run-4_pca12_varExpl_MNI_nn_dilated.nii.gz,/scratch/09123/ofriend/moshi/pca_sl/results/moshiGO_260/moshiGO_260_run-4_pca12_varExpl.nii.gz
382,260,Adults,5,/scratch/09123/ofriend/moshi/pca_sl/results/moshiGO_260/moshiGO_260_run-5_pca12_varExpl_MNI_nn_dilated.nii.gz,/scratch/09123/ofriend/moshi/pca_sl/results/moshiGO_260/moshiGO_260_run-5_pca12_varExpl.nii.gz
383,260,Adults,6,/scratch/09123/ofriend/moshi/pca_sl/results/moshiGO_260/moshiGO_260_run-6_pca12_varExpl_MNI_nn_dilated.nii.gz,/scratch/09123/ofriend/moshi/pca_sl/results/moshiGO_260/moshiGO_260_run-6_pca12_varExpl.nii.gz
384,292,Adults,1,/scratch/09123/ofriend/moshi/pca_sl/results/moshiGO_292/moshiGO_292_run-1_pca12_varExpl_MNI_nn_dilated.nii.gz,/scratch/09123/ofriend/moshi/pca_sl/results/moshiGO_292/moshiGO_292_run-1_pca12_varExpl.nii.gz
385,292,Adults,2,/scratch/09123/ofriend/moshi/pca_sl/results/moshiGO_292/moshiGO_292_run-2_pca12_varExpl_MNI_nn_dilated.nii.gz,/scratch/09123/ofriend/moshi/pca_sl/results/moshiGO_292/moshiGO_292_run-2_pca12_varExpl.nii.gz
386,292,Adults,3,/scratch/09123/ofriend/moshi/pca_sl/results/moshiGO_292/moshiGO_292_run-3_pca12_varExpl_MNI_nn_dilated.nii.gz,/scratch/09123/ofriend/moshi/pca_sl/results/moshiGO_292/moshiGO_292_run-3_pca12_varExpl.nii.gz
387,292,Adults,4,/scratch/09123/ofriend/moshi/pca_sl/results/moshiGO_292/moshiGO_292_run-4_pca12_varExpl_MNI_nn_dilated.nii.gz,/scratch/09123/ofriend/moshi/pca_sl/results/moshiGO_292/moshiGO_292_run-4_pca12_varExpl.nii.gz
388,292,Adults,5,/scratch/09123/ofriend/moshi/pca_sl/results/moshiGO_292/moshiGO_292_run-5_pca12_varExpl_MNI_nn_dilated.nii.gz,/scratch/09123/ofriend/moshi/pca_sl/results/moshiGO_292/moshiGO_292_run-5_pca12_varExpl.nii.gz
389,292,Adults,6,/scratch/09123/ofriend/moshi/pca_sl/results/moshiGO_292/moshiGO_292_run-6_pca12_varExpl_MNI_nn_dilated.nii.gz,/scratch/09123/ofriend/moshi/pca_sl/results/moshiGO_292/moshiGO_292_run-6_pca12_varExpl.nii.gz
390,203,Adults,1,/scratch/09123/ofriend/moshi/pca_sl/results/moshiGO_203/moshiGO_203_run-1_pca12_varExpl_MNI_nn_dilated.nii.gz,/scratch/09123/ofriend/moshi/pca_sl/results/moshiGO_203/moshiGO_203_run-1_pca12_varExpl.nii.gz
391,203,Adults,2,/scratch/09123/ofriend/moshi/pca_sl/results/moshiGO_203/moshiGO_203_run-2_pca12_varExpl_MNI_nn_dilated.nii.gz,/scratch/09123/ofriend/moshi/pca_sl/results/moshiGO_203/moshiGO_203_run-2_pca12_varExpl.nii.gz
392,203,Adults,3,/scratch/09123/ofriend/moshi/pca_sl/results/moshiGO_203/moshiGO_203_run-3_pca12_varExpl_MNI_nn_dilated.nii.gz,/scratch/09123/ofriend/moshi/pca_sl/results/moshiGO_203/moshiGO_203_run-3_pca12_varExpl.nii.gz
393,203,Adults,4,/scratch/09123/ofriend/moshi/pca_sl/results/moshiGO_203/moshiGO_203_run-4_pca12_varExpl_MNI_nn_dilated.nii.gz,/scratch/09123/ofriend/moshi/pca_sl/results/moshiGO_203/moshiGO_203_run-4_pca12_varExpl.nii.gz
394,203,Adults,5,/scratch/09123/ofriend/moshi/pca_sl/results/moshiGO_203/moshiGO_203_run-5_pca12_varExpl_MNI_nn_dilated.nii.gz,/scratch/09123/ofriend/moshi/pca_sl/results/moshiGO_203/moshiGO_203_run-5_pca12_varExpl.nii.gz
395,203,Adults,6,/scratch/09123/ofriend/moshi/pca_sl/results/moshiGO_203/moshiGO_203_run-6_pca12_varExpl_MNI_nn_dilated.nii.gz,/scratch/09123/ofriend/moshi/pca_sl/results/moshiGO_203/moshiGO_203_run-6_pca12_varExpl.nii.gz
396,271,Adults,1,/scratch/09123/ofriend/moshi/pca_sl/results/moshiGO_271/moshiGO_271_run-1_pca12_varExpl_MNI_nn_dilated.nii.gz,/scratch/09123/ofriend/moshi/pca_sl/results/moshiGO_271/moshiGO_271_run-1_pca12_varExpl.nii.gz
397,271,Adults,2,/scratch/09123/ofriend/moshi/pca_sl/results/moshiGO_271/moshiGO_271_run-2_pca12_varExpl_MNI_nn_dilated.nii.gz,/scratch/09123/ofriend/moshi/pca_sl/results/moshiGO_271/moshiGO_271_run-2_pca12_varExpl.nii.gz
398,271,Adults,3,/scratch/09123/ofriend/moshi/pca_sl/results/moshiGO_271/moshiGO_271_run-3_pca12_varExpl_MNI_nn_dilated.nii.gz,/scratch/09123/ofriend/moshi/pca_sl/results/moshiGO_271/moshiGO_271_run-3_pca12_varExpl.nii.gz
399,271,Adults,4,/scratch/09123/ofriend/moshi/pca_sl/results/moshiGO_271/moshiGO_271_run-4_pca12_varExpl_MNI_nn_dilated.nii.gz,/scratch/09123/ofriend/moshi/pca_sl/results/moshiGO_271/moshiGO_271_run-4_pca12_varExpl.nii.gz
400,271,Adults,5,/scratch/09123/ofriend/moshi/pca_sl/results/moshiGO_271/moshiGO_271_run-5_pca12_varExpl_MNI_nn_dilated.nii.gz,/scratch/09123/ofriend/moshi/pca_sl/results/moshiGO_271/moshiGO_271_run-5_pca12_varExpl.nii.gz
401,271,Adults,6,/scratch/09123/ofriend/moshi/pca_sl/results/moshiGO_271/moshiGO_271_run-6_pca12_varExpl_MNI_nn_dilated.nii.gz,/scratch/09123/ofriend/moshi/pca_sl/results/moshiGO_271/moshiGO_271_run-6_pca12_varExpl.nii.gz
402,252,Adults,1,/scratch/09123/ofriend/moshi/pca_sl/results/moshiGO_252/moshiGO_252_run-1_pca12_varExpl_MNI_nn_dilated.nii.gz,/scratch/09123/ofriend/moshi/pca_sl/results/moshiGO_252/moshiGO_252_run-1_pca12_varExpl.nii.gz
403,252,Adults,2,/scratch/09123/ofriend/moshi/pca_sl/results/moshiGO_252/moshiGO_252_run-2_pca12_varExpl_MNI_nn_dilated.nii.gz,/scratch/09123/ofriend/moshi/pca_sl/results/moshiGO_252/moshiGO_252_run-2_pca12_varExpl.nii.gz
404,252,Adults,3,/scratch/09123/ofriend/moshi/pca_sl/results/moshiGO_252/moshiGO_252_run-3_pca12_varExpl_MNI_nn_dilated.nii.gz,/scratch/09123/ofriend/moshi/pca_sl/results/moshiGO_252/moshiGO_252_run-3_pca12_varExpl.nii.gz
405,252,Adults,4,/scratch/09123/ofriend/moshi/pca_sl/results/moshiGO_252/moshiGO_252_run-4_pca12_varExpl_MNI_nn_dilated.nii.gz,/scratch/09123/ofriend/moshi/pca_sl/results/moshiGO_252/moshiGO_252_run-4_pca12_varExpl.nii.gz
406,252,Adults,5,/scratch/09123/ofriend/moshi/pca_sl/results/moshiGO_252/moshiGO_252_run-5_pca12_varExpl_MNI_nn_dilated.nii.gz,/scratch/09123/ofriend/moshi/pca_sl/results/moshiGO_252/moshiGO_252_run-5_pca12_varExpl.nii.gz
407,252,Adults,6,/scratch/09123/ofriend/moshi/pca_sl/results/moshiGO_252/moshiGO_252_run-6_pca12_varExpl_MNI_nn_dilated.nii.gz,/scratch/09123/ofriend/moshi/pca_sl/results/moshiGO_252/moshiGO_252_run-6_pca12_varExpl.nii.gz
408,270,Adults,1,/scratch/09123/ofriend/moshi/pca_sl/results/moshiGO_270/moshiGO_270_run-1_pca12_varExpl_MNI_nn_dilated.nii.gz,/scratch/09123/ofriend/moshi/pca_sl/results/moshiGO_270/moshiGO_270_run-1_pca12_varExpl.nii.gz
409,270,Adults,2,/scratch/09123/ofriend/moshi/pca_sl/results/moshiGO_270/moshiGO_270_run-2_pca12_varExpl_MNI_nn_dilated.nii.gz,/scratch/09123/ofriend/moshi/pca_sl/results/moshiGO_270/moshiGO_270_run-2_pca12_varExpl.nii.gz
410,270,Adults,3,/scratch/09123/ofriend/moshi/pca_sl/results/moshiGO_270/moshiGO_270_run-3_pca12_varExpl_MNI_nn_dilated.nii.gz,/scratch/09123/ofriend/moshi/pca_sl/results/moshiGO_270/moshiGO_270_run-3_pca12_varExpl.nii.gz
411,270,Adults,4,/scratch/09123/ofriend/moshi/pca_sl/results/moshiGO_270/moshiGO_270_run-4_pca12_varExpl_MNI_nn_dilated.nii.gz,/scratch/09123/ofriend/moshi/pca_sl/results/moshiGO_270/moshiGO_270_run-4_pca12_varExpl.nii.gz
412,270,Adults,5,/scratch/09123/ofriend/moshi/pca_sl/results/moshiGO_270/moshiGO_270_run-5_pca12_varExpl_MNI_nn_dilated.nii.gz,/scratch/09123/ofriend/moshi/pca_sl/results/moshiGO_270/moshiGO_270_run-5_pca12_varExpl.nii.gz
413,270,Adults,6,/scratch/09123/ofriend/moshi/pca_sl/results/moshiGO_270/moshiGO_270_run-6_pca12_varExpl_MNI_nn_dilated.nii.gz,/scratch/09123/ofriend/moshi/pca_sl/results/moshiGO_270/moshiGO_270_run-6_pca12_varExpl.nii.gz
414,228,Adults,1,/scratch/09123/ofriend/moshi/pca_sl/results/moshiGO_228/moshiGO_228_run-1_pca12_varExpl_MNI_nn_dilated.nii.gz,/scratch/09123/ofriend/moshi/pca_sl/results/moshiGO_228/moshiGO_228_run-1_pca12_varExpl.nii.gz
415,228,Adults,2,/scratch/09123/ofriend/moshi/pca_sl/results/moshiGO_228/moshiGO_228_run-2_pca12_varExpl_MNI_nn_dilated.nii.gz,/scratch/09123/ofriend/moshi/pca_sl/results/moshiGO_228/moshiGO_228_run-2_pca12_varExpl.nii.gz
416,228,Adults,3,/scratch/09123/ofriend/moshi/pca_sl/results/moshiGO_228/moshiGO_228_run-3_pca12_varExpl_MNI_nn_dilated.nii.gz,/scratch/09123/ofriend/moshi/pca_sl/results/moshiGO_228/moshiGO_228_run-3_pca12_varExpl.nii.gz
417,228,Adults,4,/scratch/09123/ofriend/moshi/pca_sl/results/moshiGO_228/moshiGO_228_run-4_pca12_varExpl_MNI_nn_dilated.nii.gz,/scratch/09123/ofriend/moshi/pca_sl/results/moshiGO_228/moshiGO_228_run-4_pca12_varExpl.nii.gz
418,228,Adults,5,/scratch/09123/ofriend/moshi/pca_sl/results/moshiGO_228/moshiGO_228_run-5_pca12_varExpl_MNI_nn_dilated.nii.gz,/scratch/09123/ofriend/moshi/pca_sl/results/moshiGO_228/moshiGO_228_run-5_pca12_varExpl.nii.gz
419,228,Adults,6,/scratch/09123/ofriend/moshi/pca_sl/results/moshiGO_228/moshiGO_228_run-6_pca12_varExpl_MNI_nn_dilated.nii.gz,/scratch/09123/ofriend/moshi/pca_sl/results/moshiGO_228/moshiGO_228_run-6_pca12_varExpl.nii.gz
420,232,Adults,1,/scratch/09123/ofriend/moshi/pca_sl/results/moshiGO_232/moshiGO_232_run-1_pca12_varExpl_MNI_nn_dilated.nii.gz,/scratch/09123/ofriend/moshi/pca_sl/results/moshiGO_232/moshiGO_232_run-1_pca12_varExpl.nii.gz
421,232,Adults,2,/scratch/09123/ofriend/moshi/pca_sl/results/moshiGO_232/moshiGO_232_run-2_pca12_varExpl_MNI_nn_dilated.nii.gz,/scratch/09123/ofriend/moshi/pca_sl/results/moshiGO_232/moshiGO_232_run-2_pca12_varExpl.nii.gz
422,232,Adults,3,/scratch/09123/ofriend/moshi/pca_sl/results/moshiGO_232/moshiGO_232_run-3_pca12_varExpl_MNI_nn_dilated.nii.gz,/scratch/09123/ofriend/moshi/pca_sl/results/moshiGO_232/moshiGO_232_run-3_pca12_varExpl.nii.gz
423,232,Adults,4,/scratch/09123/ofriend/moshi/pca_sl/results/moshiGO_232/moshiGO_232_run-4_pca12_varExpl_MNI_nn_dilated.nii.gz,/scratch/09123/ofriend/moshi/pca_sl/results/moshiGO_232/moshiGO_232_run-4_pca12_varExpl.nii.gz
424,232,Adults,5,/scratch/09123/ofriend/moshi/pca_sl/results/moshiGO_232/moshiGO_232_run-5_pca12_varExpl_MNI_nn_dilated.nii.gz,/scratch/09123/ofriend/moshi/pca_sl/results/moshiGO_232/moshiGO_232_run-5_pca12_varExpl.nii.gz
425,232,Adults,6,/scratch/09123/ofriend/moshi/pca_sl/results/moshiGO_232/moshiGO_232_run-6_pca12_varExpl_MNI_nn_dilated.nii.gz,/scratch/09123/ofriend/moshi/pca_sl/results/moshiGO_232/moshiGO_232_run-6_pca12_varExpl.nii.gz
426,302,Adults,1,/scratch/09123/ofriend/moshi/pca_sl/results/moshiGO_302/moshiGO_302_run-1_pca12_varExpl_MNI_nn_dilated.nii.gz,/scratch/09123/ofriend/moshi/pca_sl/results/moshiGO_302/moshiGO_302_run-1_pca12_varExpl.nii.gz
427,302,Adults,2,/scratch/09123/ofriend/moshi/pca_sl/results/moshiGO_302/moshiGO_302_run-2_pca12_varExpl_MNI_nn_dilated.nii.gz,/scratch/09123/ofriend/moshi/pca_sl/results/moshiGO_302/moshiGO_302_run-2_pca12_varExpl.nii.gz
428,302,Adults,3,/scratch/09123/ofriend/moshi/pca_sl/results/moshiGO_302/moshiGO_302_run-3_pca12_varExpl_MNI_nn_dilated.nii.gz,/scratch/09123/ofriend/moshi/pca_sl/results/moshiGO_302/moshiGO_302_run-3_pca12_varExpl.nii.gz
429,302,Adults,4,/scratch/09123/ofriend/moshi/pca_sl/results/moshiGO_302/moshiGO_302_run-4_pca12_varExpl_MNI_nn_dilated.nii.gz,/scratch/09123/ofriend/moshi/pca_sl/results/moshiGO_302/moshiGO_302_run-4_pca12_varExpl.nii.gz
430,302,Adults,5,/scratch/09123/ofriend/moshi/pca_sl/results/moshiGO_302/moshiGO_302_run-5_pca12_varExpl_MNI_nn_dilated.nii.gz,/scratch/09123/ofriend/moshi/pca_sl/results/moshiGO_302/moshiGO_302_run-5_pca12_varExpl.nii.gz
431,302,Adults,6,/scratch/09123/ofriend/moshi/pca_sl/results/moshiGO_302/moshiGO_302_run-6_pca12_varExpl_MNI_nn_dilated.nii.gz,/scratch/09123/ofriend/moshi/pca_sl/results/moshiGO_302/moshiGO_302_run-6_pca12_varExpl.nii.gz
